question,answer
Can You Negotiate Term Life Insurance? ,"No , the rates for Term Life Insurance are set by the carriers and they are not able to change them at will . However , there are different term lengths , so if you can not afford the premium for a longer term , you may be able to choose a shorter term , instead . "
Does Car Insurance Expire At Midnight? ,Auto insurance will always expire at 12:01 am . This is very important to note . For example you will see on your deceleration 's page or ID card an expiration date of 04/15/2014 . This means the policy expired at 12:01 am on 04/15/2014 . Most people will assume they are still insured on that day or the last day showing when in reality you are not . 
Can You Cancel Life Insurance? ,"Before you cancel any life insurance policy , you should talk to your agent to make sure it 's the right move for you . One of the things that most people do n't think about is their insurability , especially when they have an existing plan . They may have preferred rates at the time they got it , but now have a medical history and may be looking at standard or substandard rates on a new plan if they decided to get coverage again later on . If you 're looking at securing new coverage / replacing the old policy , you should compare the two structures and make sure it 's the most favorable course of action for you . Third , if you 're cancelling it because of premium affordability , you may have an option to simply reduce the face amount or term period of the coverage to reduce the premiums . After all proper considerations are done and you still want to cancel the policy , you can do one of two things : 1 -RRB- simply stop paying the premiums and the policy will just lapse on its own 2 -RRB- call the carrier and tell them to terminate the coverage -LRB- if you have a permanent policy with cash value , you can request to receive the cash value proceeds -LRB- less any surrender charges or loan fees -RRB- , if applicable/available . Please let me know if I can be of further assistance . Thanks very much . "
Is Life Insurance Really Worth It? ,"Is Life Insurance really worth it ? That depends entirely on the individual involved . For some the idea of protecting their family if they do n't make it home some night is worth a great deal . For others not so much , as it depends on your relationships in life . Even as single young man , I bought life insurance . Why ? cause it was `` worth '' it to me to make sure that my mom could deal with the clean up of the mess I left behind without having to spend the money she worked hard for herself . It was `` worth '' it to me to make a terrible situation that my mom might have to face not a financial hardship at the same time . Later on , it was `` worth '' it to me to have coverage for my wife and kids . This is really a personal answer for each person . I ca n't tell anybody why it 's worth it to them , that has to be their own choice . "
Where To Get Good Life Insurance? ,"There are many companies that have life insurance they are all good companies due to a life policy being a legal binding contract . So the questions a client should ask to themselves is what are my goals ? And what will they use it for ? There 's so many ways that a client can invest their money to change the families life style forever , And the husband or spouse does n't have to pass to use the money . The new living benefits investment can be just for that and a yearly income if you should live . Families are living longer with modern technology but also at higher risk for financial ruin due to high cost medical or nursing home care it essential in the 21st century to use a financial consultant . John Cole Virtual Financial Group Recruiter / Manager "
Are Life Insurance Proceeds Taxable In Delaware? ,"No , Life Insurance proceeds are not taxable in Delaware for income tax , unless the proceeds exceed the face amount of the policy -LRB- the just the excess is taxed -RRB- , or if the proceeds are taken on a long term payment plan -LRB- then just the interest paid is taxed -RRB- . If the estate is higher than the exempted amount , life insurance can be charged estate tax . And if the proceeds go to the estate rather than a beneficiary who is a person , trust , or entity , they can be taxed . "
Who Can I Take A Life Insurance Policy Out On? ,"Who can you take a life insurance policy out on ? Well , there must be some sort of insurable interest present for the application to be accepted . An insurable interest could be between family members or business partners . You can not directly insure strangers without showing an insurable interest . Also unless a young child must also agree to be insured . You can not insure adults without their knowledge . "
Is Life Insurance A Legal Requirement For A Mortgage? ,"No it is not a legal requirement . Many lenders however will require mortgage life insurance to protect themselves . Also , there have been cases where a judge has required a divorced spouse to carry life insurance to cover a mortgage or protect minor children although these cases would depend on the situation . As a general rule however , you are not legally required to carry mortgage insurance . "
When Is It Too Late To Plan For Retirement? ,"It is cliche to say that you should start as early as possible . It could be mathematically too late to save for retirement depending on your goals - you may have to delay . It is never to late to plan for retirement though . Decide what retirement success looks like for you and then allocate your resource to make it happen . If you would like to work with a local Retirement Planner , you could start with a Google search . For example , if you search for : retirement planner Halifax or retirement planning Halifax , my name , along with several others , will come up . You can use the same method to find Retirement Planners in your community . If you have further questions , or feel that I could be of assistance , please do not hesitate to contact me . "
Does Vanguard Have Life Insurance? ,"Assuming you mean Vanguard Group , the mutual fund company , the answer is no . They dont manufacture life insurance products . They outsource their life insurance inquiries from their customers and prospects . However , there is a small foreign company Vanguard Assurance , domiciled in Ghana that offers life insurance , banking and other financial services . "
What Is Monumental Life Insurance? ,"Monumental Life Insurance Co. is an A + rated life insurance and supplemental insurance company out of Baltimore , Maryland . They are owned by Aegon , one of the largest insurance groups in the world out of the Netherlands . Monumental Life and it 's sister company Transamerica focus on a variety of life insurance , but Monumental 's niche market seems to be affordable whole life insurance and final expense life insurance for seniors . Monumental Life has an endorsement from AARP to market senior life products . "
What Is A Medicare Advantage MSA? ,Medicare Advantage MSA is a rare duck . Essentially a high deductible Medicare plan coupled with a savings account ... much like the HDHP + HSA for the under age 65 crowd . With the Medicare MSA you enroll in a high deductible Part C plan that does not pay until you have satisfied your deductible . You have the option of funding a tax favored savings account to cover some of your out of pocket expense . 
Why Is Dave Ramsey Against Whole Life Insurance? ,"Dave Ramsey 's concept is that you should buy term and invest the difference . Since term insurance is less expensive initially , investing the difference in cost between term insurance and whole life insurance you will receive a greater return . In principle and theory he is right . In actual practice , statistics show that people buy term with this in mind but do not follow through on the investment portion . The result is that people are left with no insurance in their later years , because term insurance premiums increase in later years and become unaffordable . Often they end up with less savings than they would have had if they had purchased whole life . When you consider the tax friendliness of whole life , probate avoidance , and other factors Whole Life often in reality comes out on top . Dave Ramsey 's concept is not new , it has been around since A.L. Williams in the early 1980 's . Unless a person is extremely disciplined and has enough liquid cash flow , the concept of buy term and invest the difference has historically not worked for most people . Life happens , emergencies come up , expenses rise and the investment part of the plan is put on the back burner . I know some of my colleagues will disagree with me . They point to numbers on illustrations that look good in theory . I am not saying the concept wo n't work . I am pointing out the reality that unless a person truly follows through on the plan , historically it has n't for many . I see too many people end up with no insurance in their later years when they need it most . You should have at least a solid base of Whole Life . Life Insurance is not a good investment in fact it is not an investment . It is a good semi-compulsory way to save money for a later date while at the same time providing an immediate estate should you die too soon . "
How Long Does It Take To Get Home Insurance? ,"Pending extenuating circumstances a typical homeowners policy can be written as quickly as hours . If you have all of the information necessary for the agent to get you pricing , you are able to pay the premium , and there are not any risk associated with yourself or the property that carrier is not willing to accept then you could conceivably be covered the same day you apply . I would plan on a couple of days to a week though under most circumstances . "
Is hypnotherapy to control urinary incontinence from radiation treatment medicare covered? ,Hypnotherapy would not be covered by Medicare to help control urinary incontinence . There maybe some mental health issues where Medicare will pay some of the cost for hypnotherapy but I do n't believe it will cover any of the cost for the problem you are having . 
Is Health Insurance Mandatory In Florida? ,"Yes , health insurance is mandatory in the state of Florida or risk paying a fine . The affordable care act states that by January 1 , 2014 people are required to have health insurance or pay a fine . This rule is not just for Florida but for all states . An independent insurance agent should be able to show you plans from most of the major carriers and help you pick that plan that fits your needs . Several independent agencies -LRB- like ours -RRB- have a website that people can instantly compare health insurance plans online and then ask questions to experienced licensed agents over the phone . "
Is Group Term Life Insurance Portable? ,"Some group term life insurance is portable and some is not . You would need to contact your HR department at your place of business to get this information about your policy . While you are there , also ask them if your group term life insurance policy is convertible to permanent insurance . "
What Are Land Annuities? ,Land annuities that youre addressing are Irish payments to the British government that appears to be some sort of tax generating revenue approach imposed by the UK . The British government passed several land reform bills targeting land lord revenue . This is such an intriguing question if my assumptions are correct . 
Can You Get Car Insurance With A DUI? ,Yes you can obtain auto insurance with a DUI . Not all insurance companies will take a client with a DUI buy there are many that will . My suggestion is to contact an independent agent who can look at multiple companies to find you the best rates for your current situation . 
How Much Is Cobra Health Insurance? ,"The cost of COBRA is equal to 102 % of the full cost of your prior group health plan . For many people , this may come to several times more than you were previously paying for your premiums , because most businesses offering group coverage pay a substantial portion of their employees premiums . "
Can You Surrender A Life Insurance Policy? ,"You certainly can surrender a policy for its cash value , but then you have no life insurance . It would be much better for most folks to just borrow money from their policy and either pay it back or not . With a surrender , you will have to pay tax , but with a loan you will not , even if you do not pay it back , and you would still have a smaller but existing life insurance policy . Pay it back later and the death benefit returns automatically to the full amount ! Call me , Gary Lane , Agent , New York Life , 949 797 2424 . Thanks . "
Which Is Better Mutual Funds Or Annuities? ,"What type of mutual funds and annuities are we attempting to differentiate ? Product suitability determined by a personal financial profile that establishes risk tolerance and tax deferral as a priority , must first be developed . Keep in mind that annuities can have crediting methods that have market risk as well as mutual funds . The investors economic and product suitability is the determination , not comparing investments at a macro level . "
Can I Cancel My Disability Insurance? ,"Yes , you can cancel your own Disability Insurance policy . Non-cancellable Disability Insurance refers to the insurance company 's inability to cancel your policy unless you want it cancelled . You are also able to adjust Disability Insurance , which may be a more palatable option than cancelling it , if you no longer need as much coverage as you used to require . "
Can I Get Life Insurance If I Have Cancer? ,"If you are in the midst of cancer treatments , unfortunately , it is difficult to get life insurance . If you are over age 45 , there are guaranteed issue policies that you can get . They pay 100 % of the death benefit from day one for accidental death . For death by natural causes -LRB- any type of illness -RRB- , they have a graded period for 2-3 years in which they will pay a portion of the death benefit . After the graded period , they will pay the full death benefit . A year or two after your last treatment , you can get a simplified issue policy that may or may not be graded . And the longer you are cancer free , the more options you have . My recommendation is to get whatever coverage you can , and then replace it with less expensive life insurance with better features as you become eligible for them . Everyone 's hope is that you will eventually be able to get a regular policy for whatever amount you wish , because you will be a cancer survivor . "
Does My Homeowners Insurance Go Up If I Rent? ,"A Homeowners ' Policy specifically is intended to cover homes that are the primary residence i = of the home owner and named insured . Therefore , if you leave your house , buy or rent elsewhere and then rent your home to another party , if there is a claim at your house , that claim could be denied because you do not live there . Your Homeowners coverage would have to be transferred to a `` Dwelling Fire '' form in order to maintain coverage . Some companies offer these with Liability coverage included , others do not . So be sure to check with your insurance professional . Coverage for any personal property which you may own that is still at that house will need to be picked up on the new Dwelling policy because unlike a Homeowners ' policy , the coverage is not automatic . "
Who Offers Long Term Disability Insurance? ,"There are few long term care insurance companies on the market , so its fairly easy to review the half dozen companies that occupy the long term care market . Here are some of the more recognized names in long term care insurance : Transamerica , Genworth , Mutual of Omaha , Med-America and John Hancock to name a few . "
Do I Need To Sign Up For Medicare Every Year? ,No . Once you have enrolled in Medicare Part A and or B you are always on it unless you choose to cancel it for some reason . With Medicare Part D -LRB- your drug coverage -RRB- you are wise to review it every year between October 15th and December 7th because you plan can change even if you did n't do anything to change it . Also if you chose to go with Medicare Part C -LRB- Medicare Advantage -RRB- you need to meet with your agent every year between October 15th and December 7th to learn of your changes which take effect January 1st each year . But original Medicare Parts A & B stay basically the same year after year and you never have to reapply . 
Why Should A Person Purchase Disability Insurance? ,"Anyone who values their paycheck or an income should purchase disability insurance . The average American only has 90 days worth of cash reserves , yet the average long term disability lasts 31.2 months ! Would you be willing to drain your savings just so you can pay your bills and buy food ? By protecting your most important asset - YOUR PAYCHECK - you 're giving yourself peace of mind . "
What Does Lapsed Mean In Life Insurance? ,"The term `` lapsed '' in life insurance means that the policy is no longer providing coverage in the event of the insured 's death . This is usually due to a lack of premium payment . Each policy will provide a grace period -LRB- typically 30 days -RRB- from the premium due date to submit the necessary premiums to keep the coverage going . If the grace period has expired on the policy , you would likely need to apply for reinstatement with payment of back-premiums to put the policy back in force - evidence of insurability may be required depending on the carrier and how long it 's been since the policy lapsed . "
How Much Liability Car Insurance Do I Need? ,"The amount of car insurance liability you need depends on the state minimum limits for your state and your own financial situation . Your budget may not allow you to purchase the needed limits of bodily injury and property damage that you should carry . An experienced broker can not only find the best prices , but determine which coverages are the most economical for your specific situation . LIVE answer provided by : Ed Harris - Premier car insurance broker for 33 years and owner of several top-rated websites that offer the lowest available rates . "
Does Vanguard Offer Annuities? ,"Vangaurd has an advisory platform that can sell annuities , but Vangaurd does not itself manufacture annuities . If you purchase an annuity from this platform , Vanguard is acting as the agent and performing the same services any insurance agent would perform and receiving commissions that any agent would have normally been paid . "
How Can I Get My Own Medicare Card? ,"Social Security determines if and when you are eligible for Medicare . If you -LRB- or your spouse -RRB- have worked in the Social Security system long enough to earn the proper credits , you have earned your Medicare card . In most cases Medicare will send your card to you about 60 - 90 days in advance of your 65th birthday . "
How Does An Auto Insurance Deductible Work? ,"When a claim for physical damage to your car is settled , the insurance company will pay the necessary repairs minus the deductible . The deductible is stated clearly in the policy . If the damage is caused by another party it well could be that that partys insurance company will reimburse your deductible since they are responsible for the entire sum . "
Is There A Tax Deduction For Long Term Care Insurance? ,"Tax Qualified Long Term Care Insurance is able to be deducted as a health insurance expense on income tax returns , if it is paid by the individual . If you are an individual , it is added with other medical expenses , and anything above 7.5 % of your adjusted gross income is eligible for a tax deduction . If self employed , 100 % of your long term care premiums are tax deductible , up to the federally designated premium guidelines . "
How To Cancel New York Life Insurance? ,"To cancel any life insurance policy , you can call the Customer Service department of the insurance company and ask for the paperwork to cancel your policy . Before cancelling , though , it can be very helpful to speak to an agent to discuss your options . I literally went in to cancel a policy for my mom this week , and when we both learned of an unknown feature it had , she was thrilled to get to keep it . You may not need to pay another cent and still be able to keep some coverage . Taking a few minutes to review what you put so much into is never a bad idea . "
Can You Get Life Insurance On Other People? ,There must be insurable interest as defined by economic loss at the demise of the policy insured . If no such financial liability can been established the life insurance company will deny the application . Unrelated parties with no business nor personal economic relationship can not take out a life insurance policy on someone else . 
Does Renters Insurance Cover Vehicle Theft? ,"Renters insurance does not cover vehicle theft . Vehicle theft would be covered under your auto insurance policy provided you carry comprehensive coverage on your auto policy . However , if you have a renters insurance policy and some of your personal items were in the vehicle that was stolen they may be covered by your renters policy as long as the items are personal items and not part of the vehicle . "
Is Health Insurance Before Taxes? ,"If you purchase your coverage through an employer , you may have the option to utilize a 125 plan to have pre-tax dollars withheld from your pay check to pay your premiums . However , for the vast majority of individuals purchasing their own coverage , insurance premiums are paid for with taxable dollars . One exception to this rule is anyone that is self employed , who is allowed to write off the cost of their health insurance on their tax return . However , even in such a case , the self employed individual must still FICA/self-employment taxes on these funds . "
Is Life Insurance Required? ,"Here is the legal angle : Life insurance is not required by federal or state law . The government leaves it up to the citizenry to take care of our families , business , and charities . Good thing . We dont need more regulation or taxation . However : Life insurance is required by some legal contracts . Lenders may make a policy mandatory before closing on a business loan . Investors may call for a policy before injecting money into a business . Divorce decrees typically do obligate the participants to carry coverage . An additional point : I personally believe that life insurance is a moral obligation . You have a spouse and children financially dependent on you . You have the employees of your business dependent on you . If you have made a commitment to certain causes , you have those communal and social organizations dependent on you . Why let them down ? Life insurance lets the show go on for these folks . "
Who Has The Cheapest Car Insurance For Young Drivers? ,"Typically the battle for young drivers is done between Geico and Progressive . Due to the fact that a lot of their business is done directly through internet sales they are able to lower the premiums . However , I would recommend doing a little bit of research and checking out some regional carriers as well . Many carriers who only provide auto insurance in one to three states will offer competitive pricing in order to compete against the big national carriers . Either go online and look for insurance companies in your state or seek out a local independent agent -LRB- i.e. not a progressive , Allstate , State Farm agent -RRB- . "
What Is Wellpoint Health Insurance? ,"WellPoint Health Networks , Inc. merged with Anthem where the name WellPoint , Inc. was adopted . WellPoint is an independent company of the BCBS Association . WellPoint is nowthe largest managed health care company in the Blue Cross and Blue Shield family association serving California , Colorado , Connecticut , Georgia , Indian , Kentucky , Maine , Missouri , Nevada , New Hampshire , New York , Ohio , Virginia , Washington D.C. , and Wisconsin . It operates under other names in the mentioned states as Blue Cross , Anthem and UniCare . "
Does A 401K Contribution Reduce AGI? ,"That is a great question ! I am pleased to hear you ask about your 401k , planning for your retirement is a good thing , and I wish more people were doing it . If your contributions are being made pre-tax , then yes , your Gross Income will be adjusted downward for the amount of those contributions . If they are made after-tax , then they obviously will not . I hope that helps , thanks for asking ! "
What Does Homeowners Insurance Cover In Texas? ,"Greetings ! You have asked a very key question . To be honest , the short answer is ... It depends . Yes , I know not exactly what you were looking for . Let me step back and explain . The answer to your question depends not only on what company you take you coverage through , but also which policy type you elect . I agree with Felicia , who answered first , when she says consult with your agent . I would also suggest looking for information through OPIC if your are in Texas I suggest checking it out . It gives consumersinsurance information on Auto , Home ... etc. . They are : opic.state.tx.us online . "
How Can I Get My Car Insurance Down? ,"If you really are interested in driving down the cost of insurance I recommend that you raise your liability limits , reduce the deductibles to the minimum amount and maintain an impeccable alcohol free driving record . When you have an accident you will realize how much you have saved because your policy will take care of you and not leave you looking at bills , lawsuits and unrepaired vehicle damage . "
When Do You Not Need Life Insurance? ,"The only time you typically do n't need life insurance is when no one depends on your income in any way or if you have enough assets to cover any needs should you pass away . One example would be a single person with no dependents , no secured debt , and enough assets to cover the cost of a funeral . Even a person in this situation may want to have enough insurance to cover the funeral as assets may not be accessible for a significant amount of time . Many people think they need life insurance once they have children , but it is important for those married or living with someone as well . Life insurance will not only allow the survivor to maintain their standard of living , but also gives them financial security through the grieving process . Taking the time to create a will and ensure you have proper life insurance is one of the greatest gifts you can give your loved ones and help them know how much you care at a time of great grief . "
How Much Is Medigap Plan F? ,"The premium you will pay for plan F varies from insurance company to insurance company and from state to state . I would suggest that you take a long term view here and investigate the companies that sell Plan F in your state . Try to find information on their historic premium increases . The company that is the lowest initially , may not be the company that will be the least expensive over the long term . "
Does Renters Insurance Cover Break Ins? ,"You ask if `` renters insurance cover break ins '' . I am going to assume you are asking : What happens if the apartment building burns down ? A thief broke into your apartment ? What if a guest slips and injures themselves in your kitchen ? What happens if the apartment suffers water damage ? What about all my clothing , furniture , televsions , computer , iPod , musical or sporting equipment , and my wife 's jewelry ? The answer is yes , Reneters insurance covers all the above . Smart investment . "
Does Life Insurance Pay For Your Funeral? ,"Life insurance can be used to pay for your funeral or for any other purpose for which your beneficiary uses it . If you purchase a life insurance to fund your final expenses , leave the death benefit to a beneficiary who knows your wishes , or you can even leave it directly to the funeral home . "
Where To Buy Individual Disability Insurance? ,"When you purchase disability insurance through a website or a local agency , remember to ask for quotes from at least two carriers . Most agents have the means to receive quotes form multiple carries , so they can show you a few different options . Do n't just pick the cheapest product . Listen to your agent when she explains the different riders and provisions so you receive the BEST policy , not the most inexpensive . "
How Much Does Long Term Care Insurance Cover? ,"A quality long-term care insurance policy from a well-capitalized , highly rated insurance company will include at least the following : Facility careHome care Domestic care -LRB- housework , yard work , cleaning chores -RRB- Assisted living or residential living careAdult Day CareRespite care -LRB- time off for the primary family care giver -RRB- Home modifications so that insured can stay at home for as long as possible , the costs of which are not deducted from the pool of money available for daily care.There may be additional coverage offered by the carrier . Ask to see a `` specimen policy '' for the exact language of the benefits , features , and riders of the policy you are considering . Look for language that takes into account the possibility of future medical or technological advances that may become available but which are not yet known or invented yet . For example , `` assisted living '' facilities were not even available 25 years ago , but , people that bought quality policies before that time with contract language that allowed for future developments in the field of elder care are now in such facilities and being paid for those expenses . "
What Is A Universal Life Insurance Policy? ,"Universal Life insurance is a combination of term life insurance and a tax-deferred savings plan paying a variable return . There is a guaranteed interest rate and cost of insurance set which stipulates how long the policy is guaranteed to last . This can be as long as age 121 with some UL products , so that the policy is then considered permanent insurance . Some Universal Life products , especially Indexed Universal Life or Variable Universal Life , are designed to generate cash value . They may or may not have a guaranteed lifetime no lapse feature . Universal Life is an adjustable and flexible policy that can often be tweaked to meet the needs of the insured over a lifetime . "
Where Can I Find More Income In Retirement? ,We actually never retire we just slow down statistics prove that stopping work increases our chances of death by 5 times so really retirement is a mind set if we plan and time is on our side we might want to volunteer our services at a non profit organization or church would be a good place to start . In the seed process time is our most important asset even over income but if there is a shortage even then we should tithe a 10th of our income and the word says he will open the windows of heaven and pour out a blessing that we want even be able to receive it all.So have an open mind to new ideas and maybe get involved in something you wanted to do in your 20 's or 30 ' but just felt there was either not enough of time or time and no money . 
How Much Should I Expect To Pay For Life Insurance? ,"It depends on how much you need and for how long you need it . Term life insurance can cover a temporary need and is very affordable . As an example , for a male age 40 in excellent health needing coverage for 30 years , it may be possible to obtain $ 500,000 coverage for a level premium for that duration that amounts to a little more than $ 2 per day . For lifetime coverage that you can not outlive , you would need to consider permanent -LRB- cash value -RRB- life insurance coverage and the cost for that is higher . You should meet with a life insurance professional who can present you with options to meet your needs make it fit your budget . "
Why Invest In Whole Life Insurance? ,"Whole life insurance has many advantages to it . The first being that your premiums are fixed and guaranteed for the rest of your life and as a permanent insurance program , it builds cash value over time . If it 's a participating whole life policy , any dividends that are paid out can be used to either increase the death benefit via paid up additions , reduce your premium , or make a payment to you directly -LRB- options depend on which carriers whole life policy you have -RRB- . If you use the dividends to reduce the premium , the policy can become self-sustaining after a number of years - meaning no more premium payments . Non-participating policies only build cash value - these types of plans do not pay out dividends . If you 're buying whole life coverage when you 're young and its cash value builds for years and years , it can create a nice nest egg for funds that can be used during your retirement years . It 's important to remember that if you borrow from an insurance policy , you 're creating a loan as the monies are expected to be paid back . If you cash out the policy , you lose the life insurance coverage . An alternative for those who are not very concerned about the cash value and want to maximize the death benefit of your life insurance , you may want to consider a guaranteed universal life policy instead of whole life . GULs can offer a larger amount of coverage than whole life policies for the same premium or save you a ton of money on your premiums for a given level of coverage . Make sure to consult with an experienced life insurance broker who can create a structure that will best serve your needs , goals , and budget . I hope the information is helpful - please feel free to contact me for help and if you have any other questions . Thanks very much . "
Does Scuba Diving Affect My Life Insurance? ,"Yes , it can . Scuba ratings will depend on how deep you go , how experienced you are and what certifications you hold . There are several companies that add no additional costs for scuba . If you are looking for insurance and scuba , your best bet is to work with an independent agent who can visit several companies with your information and come back with options for you . "
How Soon Do You Need To Get Different Auto Insurance After You Move To Another State? ,"If you stay in another state for more than 60 days you 're going to have to get insurance from that state , that is usually the minumum amount of time for you , even if you do n't plan on being there for even six months , or a year . That 's in most states . "
How Do Life Insurance Policies Pay Out? ,"Life insurance policies pay out the death benefit as a lump sum , or in installments , or both . If paid in installments , there is interest added to the payments for the extra time that the life insurance company had that money in its possession . The installments can be a number -LRB- such as paid out in 10 equal installments -RRB- or a time period -LRB- such as paid out within 10 years -RRB- . "
Can Health Insurance Charge More For Smokers? ,"Health insurance absolutely can charge more for smokers . In fact , under Healthcare Reform , the ONLY things for which carriers can charge more are age , location and smoking . Smoking was going to be a 50 % increase . That 's HUGE rate increase , but it ought to give you an idea of the claims that occur as a result of smoking . However , just recently Health & Human services stated they ca n't figure out how to logistically charge more for smoking at this time , so for the 1st year of Healthcare Reform , they are NOT going to charge more for smoking , which could end up raising the rates for everyone else . So again , prior to Healthcare Reform you will pay an increase . But as of 1/1/14 , no rate increase - at least for the 1st year . "
Will Medicare Go Broke? ,There are two web sites every tax paying America should visit : the US debt clock and truth in accounting . Those web sites and other tax payer watchdog groups have made a mathematical case that medicare as it is today is already in the red based on payroll deduction income . 
What Does Term Life Insurance Cover? ,"Video Transcript : Today 's question is : What does term life insurance cover ? Remember first of all , if we 're using term , it only covers that period in time . If you buy a 20-year term , as an example , it 's only going to cover you for 20 years . If you buy $ 1/2 million dollars of death benefit , you 'll have it for as long as you pay your premiums on time ; you 'll have that coverage . What is it good for ? How does it cover ? It 's going to cover anything that you think that you need . Let 's say , at $ 1/2 million , you had a mortgage at $ 250,000 , you had credit card debt , you had car debt , you had educational debt . You want to cover that so that your spouse or your beneficiaries will not be actually saddled with your debt if something happened to you . When I 'm looking at , ` What does term life insurance ? ' it 's the time zone , how long do I have , what obligations would I have , and how can I relieve my beneficiaries from any of those obligations if something happens to me ? "
What Is Employer Owned Life Insurance? ,"Employer owned life insurance is coverage offered to employees as a benefit of working for that employer . The part that is nontaxable to the employee is $ 50,000 although the employee may be offered the option to purchase more coverage for himself/herselfand his/her faimiles at a reduced cost but with tax implications . "
Can You Exchange Annuity To Life Insurance? ,The IRS created section 1035 for the free exchange of annuities to annuities polices as well as life insurance cash values to annuities polices . But you can not use the 1035 exchange rules to transfer annuity values to life insurance policy . If your annuity policy has no gain it you consider funding life insurance with your annuity surrender value . But consult your tax adviser before moving forward considering surrenders or exchanges . 
Can I Cash In My Insurance? ,"If you have a life insurance policy that has been building cash value -LRB- a permanent life insurance policy - term policies do not build cash value -RRB- you can cash it out . However , before you terminate any life insurance policy , you should talk to your agent to make sure it 's the right move for you . One of the things that most people do n't think about is their insurability , especially when they have an existing plan . They may have preferred rates at the time they got it , but now have a medical history and may be looking at standard or substandard rates on a new plan if they decided to get coverage again later on . If you 're looking at securing new coverage / replacing the old policy , you should compare the two structures and make sure it 's the most favorable course of action for you . After all things considered and you still want to cash out the policy , you can call the carrier/contact your agent and tell them you want to terminate the coverage -LRB- the amount you receive would be less any surrender charges or loan fees , if applicable -RRB- . Please let me know if I can be of further assistance . Thanks very much . "
Does Allstate Offer Home Insurance In Nebraska? ,Allstate does offer Home insurance in the State of Nebraska . They are a good company but do not be afraid to look at other companies . There are many that offer in this state you want to shop and find which one fits your needs and your price point . Have a nice weekend 
How Much Is The Average Home Insurance? ,"That question is very open ended . Homeowner insurance premiums are determined by multiple factors , including your location , age , replacement cost of your home , quality of construction , limits of liability desired , your insurance score ; which is partially made up of your credit score . There is really no answer to give , your best bet is to contact an independent agent that can shp around for you and advise you on coverage . "
How Much Do You Pay For Disability Insurance? ,"But perhaps the most overlooked item is your human value , the ability to earn income over your working life . Providing an income stream for your family or business partners is a critical component to defensive planning . Disability premium pricing depends on your medical information , behaviors and your compensation . Medical information is collected such as gender , age , smoking status , health history , current medical condition , etc. . Behaviors like dangerous recreational activities , hazardous vocations and motor vehicle violations . And how much of your compensation do you want to coverage within the limits of disability insurance ? The generally rule of thumb for a nonsmoking healthy male covering 60 % of his compensation can be 3 to 5 % of the compensation coverage . "
What Is Occupational Disability Insurance? ,"The purpose of disability insurance is to provide income if you are unable to continue your work for an extended period of time due to an illness or and injury . In disability insurance , there are 3 types of definitions that a policy can use - the definition of disability in the policy is the MOST CRITICAL item to look at in your coverage . As to which policy features which definition , you need to look at which carrier you 're using and what definition options their policies offer . The 3 definitions of disability that a policy can use are true own occupation , modified own occupation , and gainful occupation . True Own Occupation -LRB- commonly referred to as `` own-occ '' -RRB- is the most favorable definition you can have on your policy . This definition says that you are considered totally disabled if , solely due to injury or sickness , you are not able to perform the material and substantial duties of your occupation , even if you are at work in another occupation . Modified Own Occupation has become the most common definition that most disability policies offer today . The first part of the modified definition is similar to the True Own Occupation definition , however , the second part of the modified definition is where the major change comes into play . The definition says that you are considered totally disabled if , solely due to injury or sickness , you are not able to perform the material and substantial duties of your occupation , and are NOT engaged in any other occupation . Gainful Occupation is a definition that is more commonly seen in group disability plans or plans offered by property and casualty companies that offer disability coverage . This definition provides the least coverage out of every disability plan . If you have a disability plan with this definition , you may want to look at securing coverage with a modified or true own occupation definition - or at the very least supplement the coverage . Many people who are looking for the cheapest disability plan will often end up with this definition on their policy Disability insurance is a very complex type of insurance with many moving parts and quotes depend on a variety of factors . You can not simply shop for a disability policy as you would for a term life insurance policy . For this type of coverage , you want to work with agents that have in-depth knowledge of products , how disability insurance works , and experience with these programs to help you through the process from start to finish . Please let me know if you have any other questions . Thanks ! "
Why Should I Set Up A Roth IRA? ,"The Roth IRA is a retirement savings vehicle . Choosing a Roth IRA over a traditional IRA gives you several clear advantages : 1 -RRB- Your Roth IRA grows tax free . 2 -RRB- During your retirement years you draw tax free income from your Roth IRA account . 3 -RRB- Because you 've already paid taxes on your Roth IRA , it hedges against the possibility of having a tax rate increase , thus causing more taxes to be taken out of your Roth IRA income stream during retirement . Remember , you will most likely have less write-offs when you retire . In retirement , you will have no dependents and could have your mortgage paid off . 4 -RRB- No required minimum distributions -LRB- RMDs -RRB- when you reach 70 1/2 . In retirement , you 'll thank yourself for having the foresight of a tax free income stream while your neighbors face the likelihood of an increased tax bite from their save traditional IRA . "
What Exactly Does A Life Insurance Physical Involve? ,"A life insurance physical is usually misrepresented as a paramedic exam . First , if a physical is required by the company you are applying at , thwn they would send a medical or you could be sent to one , to have a physical completed similar to an annual physical . A paramedical is where a technician is sent to your home , place of work , or another setting you agree upon , where he/she will ask a medical questions which the insurance company wants answers to . Blood pressure , a blood draw , urine in a cup , and measurements will also usually happen . It really all depends on the company , your age , and how much you are applying for . "
What Is A Variable Universal Life Insurance? ,"Variable universal life insurance is a security governed by FINRA and an insurance product regulated by the department of insurance in each state . Basically variable universal life has two accounts : the general account with interest rate crediting and the separate account crediting or debiting from equity and bond like instruments , i.e. you can make money you can lose money.The death benefit proceeds generally pass to the policy beneficiaries tax free and the cash values can be used as a supplemental retirement plan . "
Can I Get Insurance On A Car I Don't Own? ,"Yes , if you drive the car regularly then you want to get a Non-Owned auto policy . This is common for example if an elderly parent who does not drive owns the car but you use the car . Talk to a good local independent agent to find a competitive auto insurance plan that will meet your needs . "
Is Veterans Group Life Insurance A Good Deal? ,"If you have a health condition that makes it difficult to get life insurance elsewhere , you have recently separated from the service , and are eligible to get Veterans Group Life Insurance -LRB- VGLI -RRB- without having to answer medical questions , I think VGLI is a very good deal . If you are very healthy and able to get similar rates elsewhere , I would advise to lock in your premium for a longer period of time than Veterans Group Life Insurance locks them in . However , since the rate reduction in 2008 , VGLI premiums are good and it may be hard to beat them . You might want to purchase a permanent policy elsewhere along with taking VGLI Term to cover all your life insurance bases . "
How Much Is Life Insurance Yearly? ,"Life insurance premiums have too many variables to price out a premium . However , you will find that most life insurance companies do discount their rates 3 % -5 % when paid annually over a monthly bank draft . This can add up over a life of a policy . The premiums are dictated by numerous factors such as age , build , life style , occupation , geography and health to name a few . I would recommend the assistance of an experienced life insurance broker to navigate this venture . "
How Will Medicare Cuts Affect Patients? ,"Medicare cuts hurt everyone , patients and providers alike . When Congress reduces funding for Medicare that means you have fewer choices , are expected to pay higher premiums , copay 's , deductibles and out of pocket . Congress also seeks to limit the amount they pay providers for services rendered . When this happens fewer doctors will take on new patients and stretch out the time between appointments . "
Does PPACA Apply To Medigap? ,"Unfortunately , the Affordable Care Act does not make it easier to buy a Medigap Plan . If you have a pre-existing health condition , the insurance companies can turn you down . Therefore , the best time to buy a Medigap plan is when you think you do n't need one . If you are over 65 and out of your initial Open Enrollment Period , you will have to answer the health questions on the Medigap application . Each insurance company is unique with their health questions -- as is each person with their health history . While one insurance carrier might deny you for having rheumatoid arthritis , another insurance company may approve your application . That is why it 's a great idea to work with a Medicare Supplement specialist . In just a few minutes , we can review your health history and determine which insurance companies may be the best match for you . If I can assist you with your personal Medigap needs , please feel free to contact me . "
Can I Get Money From My Retirement Plan? ,"If its your money , you can do whatever you want . But there may be loan charges , tax consequences and penalties with your plan if its qualified money . If you want to avoid taxes and penalties , you may want to explore borrowing provided that youre not going to leave your employment or transfer your plan to another because there may be punitive ramifications . "
Does Health Insurance Affect Your Tax Return? ,"First , let me say I am not an accountant or tax expert at all . This questions would be best answered by a Certified Public Account or other tax pro . I can only speak to my personal situation . For years we did n't have a group plan through my company and I had individual/familycoverage that I paid for out of pocket . I also have family members who have some health issues that included specialists , a lot of RX drugs , etc. . Simply due to the cost of the health coverage , we had to go with a high deductible health plan as well . So , over the course of a year we would have our health premiums , high deductibles , plus a bunch of specialist costs that were not even covered by our insurance . This generated a ton of dollars that came out of my pocket personally . There is a threshold for medical expences -LRB- I do n't remember what it is -RRB- where anything over an above that figure is deductible on your tax return . I have been well over that figure every year for the last 5 or 6 , so I have been able to deduct a good amount of my out of pocket expence . This is just my personal situation and again , I am not a tax professional of any sort . All this was done on the advice of my personal accountant . I would highly recomend you contact a tax professional and discuss your individual situation with them . "
Does BMI Affect Life Insurance? ,"BMI -LRB- Body Mass Index -RRB- numbers between 18 and 50 are the outer minimum and maximum parameters of what most life insurance companies will cover with a medically underwritten policy . If a person is extremely underweight or malnourished -LRB- BMI under 18.5 -RRB- or morbidly obese -LRB- BMI over 40 -RRB- , there are simplified issue policies for nearly every BMI , depending on one 's age and state of residence . For those with normal BMI , life insurance rates will be in the Preferred range as long as everything else is Preferred . For those who are overweight , the BMI will be part of the determination in what rating to give , along with other health factors . "
Which Life Insurance Is Best In California? ,"That is a great question ! The best life insurance company is the one that gives you the best coverage for the lowest price , and suits your needs . What you really want to do is find an independent agent -LRB- one not tied to a specific brand name -RRB- who can walk you through several options and quotes . Thanks for asking ! "
How Long Does It Take To Receive Disability Insurance? ,"It ultimately depends on how long it takes for you to submit a claim form -LRB- and any other documents your carrier requires -RRB- and the carrier to review and process the paperwork . If everything is in good order when you submit the paperwork , the entire process should take maybe a couple of weeks . If the carrier requests additional paperwork -LRB- e.g. something needs to be clarified -RRB- or the forms you submitted were not completed properly , then it could take a little longer than that . I hope the information is helpful - please feel free to contact me for assistance with your program and if you have any other questions . Thanks very much . "
What Does Accidental Death And Disability Insurance Cover? ,"I know of only one product called Accidental Death and Disability Insurance , and it is a product sold by Assurant . In the United States , Accidental Death Insurance is different from Disability Insurance . Accidental Death coverage pays a lump sum if someone dies from a serious accident . Disability Insurance pays a monthly benefit to survivors of accident or illness who are disabled as a result . "
What Happens At The End Of A Term Life Insurance Policy? ,"That is a great question ! When your term life insurance policy ends , there are really two things that happen . The first is that your coverage and payments end , and you and the company part ways , both having received what they were promised . The other is that you decide that you need coverage for a longer time than your policy covers , in which case the policy can be renewed . The problem with renewing this type of policy is that the premiums increase dramatically , very quickly . Expect your first year premium to be roughly 110 % of what you had been paying , and for them to continue to raise at that pace . I hope that helps , thanks for asking ! "
Can You Get Life Insurance On Someone Else? ,"You can get life insurance on someone else if you have an insurable interest with them . An example of insurable interest is this : If a non-relative owes you money , you could take out a life insurance policy on them for the amount that they owe you . But they could not take a life insurance policy on you . "
Why Bother With Life Insurance? ,"If you bring home a paycheck to someone besides yourself , someone would be impacted by your death . Life insurance helps them have some time to get back on their feet , and not have to further intensify their pain with financial worries . If you are single , someone will need to take care of your final arrangements and settle your estate . Life insurance provides quick money so that no one has to pay out of pocket at a sorrowful and stressful time . "
How To Purchase Life Insurance Online? ,"If you decide to buy life insurance online , let me clarify one important point about the cost . Whether you go to my website , any other insurance website , or meet with any agent in the country , the price for a particular insurance policy will be the exact same , regardless of where you buy it . Life insurance premiums are fixed by the insurance company and no one is given preferential pricing . I think it can be helpful to do some initial research online , but it is of utmost importance to discuss your particular situation with a knowledgeable agent . You can run insurance quotes on many websites , but the cost is only an estimate until the insurance company approves your rate class and the policy . I have seen several instances where someone sees a low price , goes through the application process , and gets a different rating than they applied for . Then the premium is much more expensive than what they first saw . This could have been prevented by speaking with an agent first who can do some preliminary underwriting and guide that client toward a company that will offer the highest rating and lowest premium for their unique circumstances . My advice for purchasing life insurance online would be to work with a knowledgeable advisor who can help you sort through the many options . The price will be the same and the advice and guidance will be free . "
How Much Home Contents Insurance Do I Need? ,"The short answer is , of course , as much as you need to protect yourself . However , in most homeowners ' policies , the amount of coverage stated in the policy to protect your personal belongings is the result of applying a factor to the dwelling amount . In other words , in most Homeowners ' policies , the amount listed for personal property will be 70 % of the stated dwelling amount . Talk with your Insurance Professional to make sure that full `` Replacement Value '' is included in your policy . "
Can Annuities Be Jointly Owned? ,"Absolutely . But there are different rules if the joint owners are a married couple or not -LRB- for example , a Father names his daughter as joint owner -RRB- . If the joint owners of the annuity are married , then it is recommended that each spouse names the other as primary beneficiary . For the spousal exception to the required distribution rules to apply , the surviving spouse must be the designated beneficiary of the contract . These rules are designed to prevent the use of joint ownership to obtain tax deferral on annuity earnings over more than one lifetime , except in the case of married couples . In the event of the owners death , the spouse can succeed to ownership by application of the spousal exception to the required distribution rule . If someone other than the surviving spouse is the designated beneficiary , or even if the spouse is the beneficiary along with another person , then even if the surviving spouse is a joint owner , the spousal exception is lost . There are some caveats to setting up a jointly owned annuity . It 's best to talk to a professional insurance agent to avoid the pitfalls . "
Does Disability Insurance Work? ,Absolutely any disability policy purchased from a reputable insurance company works if you meet the criteria of a claim . In order to receive benefits you must be diagnosed with an injury or illness so severe that you are no longer able to perform the duties of your occupation by a medically licensed physician . Then you must meet the elimination period requirements in the policy . Then benefits will be paid to the extent of the contract . The money may be used for any use you deem fit . 
Does Life Insurance Test Nicotine? ,"Yes , indeed they do . And the test is pretty reliable . Want to hear an interesting story ? A number of years ago I took an application from a client who disclosed that he did smoke cigarettes on a daily basis . So I quoted him smoker rates . He provided the lab specimens for the insurance exam and we all assumed they would show he was indeed a smoker . When the results came back , he had tested negative for nicotine even though he smoked every day ! Our assumption was he had a huge tolerance and it just didnt register in the lab . So , fair being fair , the underwriter gave him non-smoker rates ! And he paid about half as much as he would have as a smoker . Of course , smokers cant count on that always happening . They should expect to pay smoker rates . And most smokers hate paying that extra premium for that extra mortality risk . -LRB- And by the way - there is a huge amount of data to show that smoking does increase your mortality risk . Sorry . -RRB- So what should a smoker do ? Lie on the application ? I mean , who is really going to know if you say you dont smoke , and just go without cigarettes for a few weeks ? Your lab specimen should then come out clean , right ? Bad idea . Not good . Dont do it . That is insurance fraud , you know . You could jeopardize the claim getting paid . Besides which , this is not a game . Life insurance pricing has to accurately reflect the risk obligations taken on . If everybody scammed the system to get undercharged , then odds are the insurance carriers wouldnt have enough money to pay out benefit . Then everybodys beneficiaries would lose out . Not only that : there is something to be said for acting honorably , dont you think ? Your word should be your bond . What about postponing the purchase of the policy and waiting a year or two , so you can quit in the meantime and then qualify for non-smoker rates ? Well , okay , but who says youll be insurable at that point ? What if you come down with high blood pressure , high cholesterol , or high blood sugar , or any number of things that could throw the rates off ? Or even worse , make you ineligible for coverage at all ? Delaying is not worth the risk . Best thing to do is buy the policy now for the best smoker rates available . Keep it in force . Then , stop smoking . If you qualify for non-smoker rates , go for it . If you are eligible for a better rate , then good for you . But if you are not , then at least you have coverage . Either way , your beneficiaries will get what they need . Good move . "
Why Do We Need A Retirement Plan? ,"Without a retirement plan , your money will probably go to whatever appears to be most urgent at the time . For people with wealth , this could be your children wanting to go to the most expensive colleges , your spouse wanting to buy a very expensive home , or you wanting to take up an extremely costly hobby . For those of more modest means , it could simply be eating out every day . No matter where you are pulled to spend your money , without a plan , there may not be enough left to retire on . Considering that you could easily live 20 years past the age when you retire , it is important to plan ahead so that those years are as comfortable as the years preceding them . "
Can Someone With Cancer Get Health Insurance? ,"If someone is accessing health insurance as part of a group plan through an employer they should have no problem getting health insurance despite having cancer . If the individual purchases individual health insurance on his or her own and has not lapsed that coverage and is seeking new or different coverage , the individual should be able to get that new coverage as long as there is no lapse in their coverage . "
When Does My Auto Insurance Expire? ,"Your auto insurance expires -LRB- technically -RRB- on the cancellation date of the contract . If you do not pay your bill , you will receive -LRB- at some point -RRB- a notice in writing that your policy will expire on a specific date . That date is your expiration date and coverage ends . So do n't drive on or beyond that date without either paying the premium or securing other coverage . "
How Is Disability Insurance Calculated? ,"Disability Insurance is calculated by the salary you make while in your current employment . You take out enough coverage to replace a percent of your income if you were to become disabled . If you are able to get a future increase option , your policy will increase as your income increases over the years . "
Will My Health Insurance Cover A Hot Tub? ,"No . Your health insurance will not cover a hot tub . If you are trying to purchase a hot tub , you would be responsible for paying 100 % of the cost out of your own pocket . I hope the information is helpful - please let me know if you have any other questions . Thanks very much . "
Does HPV Affect Life Insurance Rates? ,"HPV does not affect life insurance rates as long as the proper testing has been done bycolcoscopy and the last PAP smear was normal . HPV normally goes away within 24 months , so you may just need to wait a while to get the very best rates . In the meantime , you can certainly get life insurance , even if paying a bit more . "
How Does An Auto Insurance Policy Work? ,"Auto coverage will vary slightly depending on your state . However auto insurance is typically broken down into the following coverages : Liability Bodily Injury - Pays to cover the medical expenses of the damaged party -LRB- typically another driver and their passengers -RRB- if you cause an accident . This pays up to the limit listed on the policy . There is a limit per person and an aggregate limit per accident . Liability Physical Damage - Pays to cover damage to vehicles or other physical property -LRB- mailbox , guardrail , traffic signal , etc. -RRB- caused by the insured -LRB- you -RRB- . This pays up to the limit listed on the policy . Uninsured Motorist Liability & Uninsured Motorist Physical Damage - This coverage protects the insured against motorists without insurance or with insufficient limits to cover medical and physical damages to the insured . This pays up to the per person and aggregate limits listed on the policy . Collision - Pays the cost to repair/replace your vehicle if you hit something/someone minus the deductible listed on your policy . Note that if your vehicle is a total loss then you will be compensated based on the actual cash value of your vehicle which is the value of your vehicle considering depreciation . Other Than Collision -LRB- Comprehensive -RRB- - This coverage pays to repair/replace your vehicle for theft , vandalism , hail , damage by animals , etc minus the deductible on your policy . If your vehicle is a total loss it will be valued on an actual cash value basis . Personal Injury Protection - Pays for medical/disability expenses of the insured for an injury occurring in or around your vehicle up to the limit listed on the policy . Accidental Death & Dismemberment - Small life insurance component often added to auto policies that will pay a death benefit if you die or are permanently disabled in an auto accident . Towing/Roadside Assistance - Varies significantly by company and state Rental Coverage - Covers the cost of a rental vehicle for the time that your vehicle is in the shop due to a covered loss . There are multiple levels and this coverage may not cover the full cost of the rental . "
When Are Annuities Taxable? ,"When are annuities taxable ? Annuities are taxable during the distribution phase of ownership . While in the accumulation phase an annuity does offer protection from current tax liabilities . Taxes are deferred to the distribution phase at the normal income tax rate bracket you retirement income may fall into . Depending on how you funded your annuity , a portion or all of the distribution could be taxable income . Please note : you only pay taxes on the amounts withdrawn from an annuity during distribution phase . So taxes are due over the years rather than at one time . "
How Much Is Life Insurance For A 65 Year Old? ,"That is going to depend on many factors , the type of policy applied for and the amount of the policy applied for . Please contact a local agent to discuss the level of coverage and the type of policy that you are looking for . Providing a number would only be guessing and I would n't want to give you wrong numbers . "
What Levels Of Car Insurance Should I Have? ,That will vary from individual to individual . Ultimately you want enough coverage to provide protection for yours ' and your family 's assets that could be taken if you were involved in an accident that your are deemed responsible for . I personally recommend no less 100/300/100 coverages to all of my perspective clients . Contact a local agent to discuss your coverage needs and concerns . 
When Is Life Insurance Awareness Month? ,"Life insurance awareness month is in September . The life insurance industry developed this awareness campaign to draw attention to the benefits of life insurance for individuals , businesses and estate planning . There are several insurance industry leaders that market the awareness campaign in the public domain to a coordinated effort to gain the attention of consumers . "
Can I Get Car Insurance Without A License In Pennsylvania? ,"Yes , you can . A couple things though - If you are the owner of the vehicle and do n't have a license -LRB- maybe it 's suspended or maybe you are no longer allowed to drive due to medical conditions -RRB- you can purchase insurance and be named as the Insured . However , you must also assign a licensed driver to the vehicle and you , yourself , must be listed as an Excluded Driver . If you have an out-of-state license , you can get Pennsylvania insurance , however you will have 30 days -LRB- some companies offer 60 days -RRB- to convert your license into a PA license , otherwise the company has the right to cancel your policy . If you need further help obtaining PA Auto insurance , please contact me : WEBSITELINK or call/text : 570.294.4140 "
Does Life Insurance Test For Weed? ,"That is an excellent question ! It will be interesting to see how the life insurance companies treat the drug use now that it is becoming legalized . I 'd guess that they wo n't move much on the issue , since impairment increases risk , whether it is pot or prescription pain killers . But yes they test , on larger policies , and on the smaller policies there is a question or two usually about drug use . If your demise comes as a result of smoking , and you 'd checked the boxes no , I 'd expect your claim to be denied , especially if it is illegal where you live . Most companies will deny the payout if your untimely demise is a result of the commission of a crime . Thanks for asking ! "
How Do Interest Rates Affect Annuities? ,"The change in interest rates has a very minimal affect on annuities in terms of the rates and benefits they make available as bonds are purchased when products are made and rate/benefits on those products are based off those bond yields . However , annuities with indefinite benefits may realize declining benefits if rates on new bonds purchased later are lower than rates that prevailed when the original bonds were purchased . "
How Does Key Person Life Insurance Work? ,"Usually , the way Key Person Life Insurance works is that the employer or business takes out a life insurance policy on an important employee in the company , one that is vital to the success of the business and would need to be carefully replaced if he or she died . The employer or business pays the premium and and is the beneficiary . If death of the key employee occurs , the business has money to protect them from loss of production and solicit and train a new employee to replace the key person . "
Does Wells Fargo Offer Mortgage Life Insurance? ,"Wells Fargo advertises mortgage insurance or private mortgage insurance , through a third party life insurance company . Mortgage insurance is generally required when the down payment is insufficient for the banking institution to protect their perceived market exposure and is usually paid through the escrow account that manages the mortgage payment . "
When Is Life Insurance Included In The Gross Estate? ,"In general terms , life insurance proceeds are included in the estate when owned personally . This may or may not present a problem depending upon the exemption in the state of residency . The federal unified credit is over 5 million for an individual . But if federal or state transfer taxes are a concern , you may consider an irrevocable life insurance trust as your policy owner . Consult an attorney before assigning or changing ownership of personal property . "
What To Look For In A Term Life Insurance Policy? ,"I suppose the best approach is what to avoid when buying a term life insurance policy . Personally , I would avoid a policy that is offered free of medical qualification if I knew that I was in satisfactory shape . I would be reluctant to buy a term life insurance policy that was offered through the mail or over the radio . In the end I would buy a term life insurance policy from an agent that I trusted . "
At What Age Should You Buy Annuities? ,"Age could be a factor when purchasing annuities . Product suitability has many components ; one of them is age appropriate for seniors and young workers just starting out . Seniors in their late 70s and 80s can purchase annuities , but should they ? Annuities are ultimately bought for income . If the senior timeline is too short , theyll never recover their original contributions . Young workers generally have many priority needs and purchasing a non-qualified annuity and holding it long enough to escape the 10 % penalty is too long for most . "
How Much Does Life Insurance Cost? ,"Video Transcript : Today 's question is , `` How much does life insurance cost ? '' Well , it depends on your gender , your age , your smoking habits , your medical background , your history . It also depends on the exam results that you 'll take when you go and apply for insurance . It also may depend on your vocation . Do you have hazards in your vocation ? And it also depends on , do you have recreational issues , like , are you a rock climber or a scuba diver ? It matters because those are higher risks . When you also ask about what does it cost , is it going to be temporary insurance , 5 , 10 , 15 , 20 years ? Or is it going to be permanent insurance going all the way out to age 100 , maybe even farther ? When you look at all these factors and accumulate them , they 'll come up with a number that will tell you , here is your price tag . "
What Is A Typical Homeowners Insurance Rate? ,Great Question . Homeowners insurance varies by each state . A good rate is about $ 350 - $ 500 a year . Other states insurance companies charge up to $ 3000 a year for home insurance . You have to keep in mind that the cheap insurance not always the best . Call your local insurance broker and have them shop around for the best company and rate for your home . 
Can A Trust Be A Beneficiary Of Life Insurance? ,"The general purpose of an irrevocable life insurance trust is to own the policy outside the estate to insulate the death benefit proceeds from federal and state estate taxation . The irrevocable life insurance trust has trust beneficiaries , who receive the death benefit proceeds from the irrevocable life insurance trust . "
Can You Cash Out A Universal Life Insurance Policy? ,"Yes , you can cash out or what your referring to is surrendering the policy . Before you do , I would recommend that you consider a couple thoughts . First , if you surrender this policy , you will no longer have life insurance . Are you planning on replacing this policy ? Consider this carefully . Second , depending on how long you have had your policy , you might get some cash value paid to you . If there is a lot of growth , you may have to consider the tax consequenses as if you get back more than what was paid into the policy , the difference will probably create a tax burden . There are options other than surrendering a policy if you want the or need the cash value . Consider taking a loan or just withdrawing the cash value . In either case , please consult with your agent or broker to review all your options and any consequenses "
Which Is The Cheapest Car Insurance For New Drivers? ,"The cheapest auto insurance is always the policy you have in place when you have a claim . If that policy pays to the fullest extent possible , it is a great policy . If it falls short because you have selected limits that are too low , it is better than nothing . In any case it will be better than the policy that you didnt buy . There is so much said about price that it fogs the real issue . You need to have the correct limits . You are most likely to get the advice you require from a trusted insurance agent . "
Can I Register A Motorcycle Without Insurance? ,"Just like with a car , in most if not all states , one requirement that must be met in order to register a bike for road use is for you to show proof of insurance issued in your state . This is necessary to initially register your ride as well as to maintain that registration . "
How Can I Buy Life Insurance For My Parents? ,"That is a great question ! It speaks well of you , that you are concerned enough for them to be willing to buy their policies for them . The first step is to make sure that they are willing to allow you to do it . If they do not willingly sign the applications , and understand what they are signing , the policies wo n't be issued , or there will be serious issues when you go to file the claims . If they are good with it , find an agent that can help you find a policy that best suits their health , age and financial needs , and your budget . Good luck , and if you would like help , feel free to contact me . Thanks for asking ! "
How To Get On Disability Insurance? ,"The biggest recommendation is to interview independent agents who have access to the inventory of recognized disability companies who design their product line for consumer competitiveness . Once you secure your agent and the disability insurance company of choice , get at least one policy to protect your paycheck and another to protect your retirement contributions . "
How Much Disability Insurance You Need? ,"If you have already taken out the max coverage with a private disability insurance , look into other forms of coverage that will give you even more protection . Critical illness insurance would offer a lump sum payout that could help get your through the elimination period of your DI policy . Also , if you 're a business owner , you can get additional coverage to help keep your business running . "
Does Medicare Pay For Breast Reduction? ,"Medicare will pay for breast reduction to relieve the pain caused by the conditions of macromastia or breast hypertrophy . A reduction mammoplasty will be OK 'd by Medicare if medically necessary as shown by non-surgical methods failing to alleviate symptoms , and the condition being present for at least 6 months . "
Can I be dropped from life insurance for no reason without premiums returned? ,"Since you have had the policy since 2011 you are well beyond the incontestability period . It must be one of the following : You purchase term insurance and the term has run out . -LRB- possible but unlikely since you should have a renewal option -RRB- . You purchased a Universal Life policy and it was underfunded -LRB- this may be the most likely reason -RRB- . A Universal life policy has flexible premiums and some agents , in order to make a sale , have set the premium too low without telling the client . Most agents are honest , but unfortunately every industry has bad apples . If you do not pay enough into a Universal Life Policy , the policy will cancel out . The only other thing it could be is failure to pay the premium within the grace period , usually 30 days . I agree with Rich , you need to take all of the information to a good professional independent life insurance agent and have him review what went on in your case . A life insurance company can not cancel you for no reason . "
Which Is The Best Home Insurance Provider? ,"It 's going to depend on what 's important to you . Price , customer service , claims handling , the coverages you are seeking , your individual broker or agent are all factors to consider when shopping for home owners insurance . Talk to a broker and he or she will be able to guide you to the best company for you . "
Is There A Waiting Period For Renters Insurance? ,"There isnt a waiting period for a renters policy from most insurance companies . When the agent writes the policy and submits it to the company there is a period of time in which the company may decide to not accept the risk . If that happens they will notify the customer and give them a future date at which time the coverage will cease , but coverage remains in force from the inception date until the date of cancellation . "
Can I Buy Multiple Annuities? ,"Multiple non-qualified tax deferred annuities with differing periods and crediting methods can be used in combination to generate distributions that may have tax advantages in an income strategy called laddering , often related by metaphor to a bond laddering strategy . The combination of deferred and immediate annuities with differing crediting methods may have consumer appeal for those in high tax brackets . "
Is Sep Ira A Qualified Retirement Plan? ,Yes but it tends to have fewer rules and compliance issues to follow than say a 401k for those who can adopt this plan . It is an older plan design established for the self employed & small businesses . Like a Traditional IRA contributions are pre-tax as they can reduce the adjusted gross income reportable on your income tax return . As such distributions are taxable as ordinary income but not subject to payroll tax as these were paid in the reportable year the income was earned . 
What Do Auto Insurance Agents Do? ,"Auto insurance agents are primarily tasked with the process of finding new clients for whom they can write insurance policies . Some auto insurance handle administrative duties like processing claims or policy changes , but this is very commonly shifted to support staff hired by the auto insurance agent so they can spend more time finding new clients . "
Does Homeowners Insurance Cover Damage To Neighbor's Property? ,"Nearly all homeowners insurance policies have a personal liability amount attached to it . Look for that on your policy . Usually it will be somewhere between $ 100,000 - 500,000 . This amount will protect you from damage to others . If after you have viewed your policy and still can not find it please giveme a call and I will be happy to help you out . Joe "
Where To Get The Best Life Insurance? ,"The best life insurance is the policy that you purchase from your trusted life insurance agent . Friends , colleagues and neighbors can recommend someone if you dont already have that relationship . A good life insurance agent will listen to you carefully , offer sound financial advice and communicate clearly with you and the insurance company . Tailoring a plan that meets your needs will be the agents priority and when done properly a meaningful relationship will be established . "
What Was The First Life Insurance Company? ,"Although Lloyds of London claim to fame was insuring cargo transported by sailing ships in the late 17th century , they begin pricing life insurance shortly after Sir Edmund Halley , of Halleys comet fame , wrote the first actuarial table . In the U.S. the First Presbyterian Minsters fund , a stock company , for ministers was created in 1759 . The New England Life , the first mutual company , in 1835 . "
Why Do They Take Blood And Urine For Life Insurance? ,"The life insurance company takes blood and urine tests during the life insurance application process in order to test for a number of things . They are looking for evidence of heart disease as indicated by cholesterol and other lipids , diabetes as evidenced by glucose , liver function , kidney function , blood diseases , tobacco use , drug use and HIV , among others . "
How Can I Tell If My Insurance Agent Is Lying To Me? ,"Well , if an agent 's nose starts to grow you can probably guess they are lying . Most adults and filter out when they are being lied to . The axiom , `` If it sounds to good to be true it probably is '' pretty much applies across the board . If someone makes an outrageous claim , encourages you to lie on the application , or promises their plan will do something no other plan will , they are probably lying . "
How Do You Verify Health Insurance? ,"You will need to contact your insurance company and confirm the policy is in force -LRB- active -RRB- . There should be a customer service number on your insurance card that you can call to verify the policy is active and you are covered . They 'll likely ask you for your name and other identifying information -LRB- e.g. policy number , social security number , date of birth , etc. -RRB- - they can only release the information to the policyowner -LRB- in health insurance this is generally also the insured - if not the insured , it 's the spouse or another family member - seen more commonly in group plans -RRB- . Your agent can also verify this information for you as well . "
How To Continue Health Insurance When Changing Employers? ,"When changing jobs , deciding how to address your health insurance needs in the gap period between employer sponsored health insurance plans is both simpler and more complicated than ever before . The size of the employer group you are leaving will impact on your planning as well . If your employer has less than 20 employees then state continuation of coverage provisions will apply , these vary from state to state but they are usually for shorter periods of time than the Federal COBRA law requires . Employers with 20 + employees are subject to the Federal COBRA guidelines where most employees can continue their coverage for up to 18-months . Your continuation of coverage options to consider now in 2014 are ; 1 -RRB- Continuation of Coverage through Your Existing Employer 's Health Plan - you will need to notify your former employer of your intention to continue your coverage under their group plan within 63-days of your last day of employment . You must make premium payments in full and remit them in a timely manner to your former employer -LRB- or their administrator -RRB- each month to keep your coverage in effect . 2 -RRB- Short Term Medical Insurance - if you are healthy and pre-existing condition issues are not a personal concern and if you are confident that you will be obtaining new employment with benefits in the next several weeks to months then Short Term Major Medical Insurance may be an alternative to consider . Just because you can continue with your former employer 's coverage does not mean you are required to or that you will find it affordable . Short Term Medical plans are often far less expensive than group health insurance plans and in some cases may even offer you more coverage than your employer 's plan . A note of caution : Short Term Medical policies do not meet the minimum coverage requirements under the Affordable Care Act -LRB- ObamaCare -RRB- so a person covered by such a policy may find themselves subject to the individual mandate tax penalty for the period of the year they are insured under such plans . 3 -RRB- Obtain Individual Major Medical Insurance - maybe your prospects for being quickly hired somewhere else are not strong at this time or perhaps you are considering taking a new career path -LRB- e.g - consultant , freelancer , contractor -RRB- , having health insurance independent of your employer may be the best solution . In this event you will want to explore your health insurance plan options both inside and outside of the government health insurance marketplaces and whether you would qualify for any premium tax subsidies . 4 -RRB- Qualification for Medicaid/CHIP , etc. - depending upon your income level and/or other life circumstances you may have to explore your coverage options under various state and/or Federal health benefit plans for you and/or your dependents . 5 -RRB- Go Without Coverage - not my recommendation but it is an option and an option than no small number of people choose each year . Considering the potential financial risk of an uninsured illness or injury this is really only an option of last resort and a person faced with such a situation should pursue their government coverage options if possible . That should pretty well cover all the possible ways to address your coverage needs between jobs . "
Does Geico Do Life Insurance? ,"GEICO does not offer their own life insurance policy , but refers visitors to another website that will provide them with life insurance quotes from non-affiliated insurance carriers . The coverage is not written through GEICO but is secured through the GEICO Insurance Agency , Inc. . You can also find quotes for life insurance that compare the prices of multiple carriers on any website offering free quotes . "
What Is A Life Insurance Policy That You Can Cash In? ,"In order to provide a level death benefit for a level premium , whole life insurance policies accumulate cash value to offset the increasing cost of providing coverage . The companies are willing and bound by contract to exchange their promise for coverage for the cash value of the policy . That cash value can be received in several ways and need not be a lump sum . "
Does Life Insurance Lapse? ,"Yes , many people lapse their life insurance policies . It comes from failure to pay enough premium to keep it in force . Most people buy term life insurance for a level premium for 20-years or so . At the 21st year they COULD pay more and keep it going but hardly anyone ever would because the premium at that time would be very high . So the policy will usually lapse . Any type of policy can lapse if you do n't pay the premium but term is designed to lapse once you do n't need it anymore . "
Can You Purchase Life Insurance On Anyone? ,You can not purchase life insurance on just anyone . You and the insured have to establish an insurable interest between each other and justify the face amount . How will this persons demise affect you financially ? What future obligations will not be met by this persons demise that will affect you in the future ? 
Can Life Insurance Be Used As Collateral For A Loan? ,"We get a lot of customers looking for short Term Life Insurance policies as collateral for loans , as required by the Small Business Administration . By assigning the life insurance policy to the SBA , the Small Business Administration is assured that they will get their money back if the borrower meets with an untimely death . Because the term is short , the cost is very reasonable . This type of request is usually on a rush basis , so we generally use a No Exam policy that has low cost choices . Please feel free to contact us any time for life insurance as collateral for your loan . "
How To Switch Health Insurance Companies? ,"Under the affordable care act , you can change to another health insurance plan during the open enrollment period each year . If you 're outside the open enrollment period and want to switch plans , you would need to qualify for a special enrollment period -LRB- also referred to as a qualifying life-changing event -RRB- . Since a carrier can no longer decline you for a pre-existing condition , health insurance plans are , in short , guaranteed-issue . However , changing plans may not necessarily be in your best interest . Be sure to do an in-depth comparison of your existing plans and the proposed new plans you 're looking at to see which is truly better/more advantageous for your own situation - premiums , coinsurance , copayments , deductibles , out-of-pocket maximums , networks -LRB- HMO vs. PPO vs. POS -RRB- and other factors should be taken into account . An experienced health insurance broker can help you with this review . Please feel free to contact me for further assistance . Thanks very much . "
Why Is My Life Insurance Premium So High? ,"There are a lot of answers here and all of them have good information . The only other factor that I did not see mentioned here is you may have a product which started off at a lower premium , perhaps a guaranteed period and now you are beyond which the rates will increase depending on the type of policy along with the maximum guaranteed rates in the policy . "
What Is Employee Supplemental Life Insurance? ,"There are many forms of supplemental life insurance . The previous answer touches on the most common form - policies that allow employees to buy up from the group master contract . Sometimes the policies are convertible to an individual policy if the employee separates from the employer , sometimes not . There are other forms that do not require an employer contribution . If enough employees choose to participate those with pre-existing conditions can purchase a policy through payroll deduction without the need to answer medical questions , or take a medical exam . These supplemental policies are almost always portable . "
Does Prudential Sell Whole Life Insurance? ,"Actually , Prudential does NOT sell whole life insurance at this time . They do sell term life insurance , and they sell permanent insurance in the form of universal life , indexed universal life , variable universal life , and survivorship universal life . But they do state on their website that they do not offer whole life . "
Why Should I Get Disability Insurance? ,Disability insurance is fundamentally paycheck protection . Most American workers have 90 days of case reserves on hand . The average disability period is 31 months . Protecting income is with long term disability insurance is only second to long term life insurance . Protecting income is with long term disability insurance is only second to long term life insurance . 
When Does Government Health Insurance Start? ,"Government health insurance begins when you go to work for a government agency including the military . If you are a civilian employ of the government , you may also qualify for government provided health insurance . If you meet poverty guidelines you may qualify for Medicaid or SCHIP . If you are 65 or older you may qualify for Medicare . "
Can I Take Out Life Insurance On My Spouse? ,"You can own a life insurance policy on anyone , including your spouse . In most cases your spouse must agree to the insurance , make application and qualify medically . Some carriers issue policies that can be applied for without the insureds knowledge or consent . You can be the beneficiary of your spouse 's life insurance as long as there is an insurable interest -LRB- which is almost always the case -RRB- . "
Why Would Anyone Buy Term Life Insurance? ,People who have temporary financial liabilities and time certain future obligations purchase term life insurance . They do this to indemnify their family members or business associates or charities that depend on their benevolent giving . Most people also purchase term life insurance with a convertible clause that allows them to convert to permanent life insurance in case their temporary circumstances turn out to be outgoing . 
Does Homeowners Insurance Cover Water Heater Damage? ,"It would depend on what happened to the water heater and what type of policy you have . If thewater heater is damaged in a fire , or a tornado , you should havecoverage . A `` special form '' insurance policy will normally cover damage from a burst water heater , so they will pay for the clean up of the water but not to replace the water heater it 's self , since it was the cause of the claim . Remember , an insurance policy is for damage , but not maintenance . So if it quits , or does n't function like it is supposed to , that is an expense you would have to absorb . If the water heater is damaged by a `` Covered peril '' -LRB- refer to your contract -RRB- - then yes , it is part of the house and covered like anything else . "
Is It Smart To Buy Life Insurance? ,"I believe it is smart to have at least some life insurance . If left untouched or managed properly , the proceeds will pay upon your death , which is the time when your loved ones need it . It goes to them tax free , in most situations , and bypasses probate . The money can be paid to them in a lump sum or in a stream of money over many years . No matter what other investments you have , it seems smart to include life insurance in your portfoliio for its favorable traits as they relate to survivors . "
Does Life Insurance Go Through Probate? ,"Life insurance proceeds generally do not have to go through probate unless they are left to the estate . If the beneficiary is listed on the policy as `` estate '' , or if the persons who were listed as beneficiaries are no longer alive , then the life insurance proceeds will go through probate . If the proceeds are left to a living person , they will be paid to that person directly , bypassing probate . "
What Is The Best Life Insurance For Doctors? ,"As a physician you are most likely earning a fair income and want to be sure to minimize your taxes . The government would like to take most of your money and that of your heirs , but there are some very specific ways to avoid much of that government taking . New York Life allows me to provide you with their Whole Life Insurance , at elevated face amounts , due to your elevated income . With this Whole Life Insurance , you can be certain that your family and other heirs will receive their benefits completely tax free . New York Life will allow you to take out substantial amounts of life insurance , paying a premium which will build up over the years , while accruing interest that is tax deferred to you and tax free to your beneficiary when you die . You can borrow against this growing fund when you wish , and not pay taxes on that money if you decide not to pay it back , but instead allow it to lower the death benefit for the loan . You can also repay it and increase the death benefit as though no loan had been taken . While constantly growing , your beneficiary will be taking your large estate in life insurance , paid by your premium payments , take free to the beneficiary , while passing your estate tax free at up to $ 14,500 per year in tax free premium payments . If your estate is even higher , we can equip you with tax sheltered annuities which can pay you for the rest of your life . Also of note are our Long Term Care Benefits , which you can protect your entire estate with by ensuring you never have to pay for such long term care or be a burden on your family . In short , as your New York Life Agent , I can provide you with a variety of very suitable choices from which to protect your assets and your family , while keeping the tax agents far from your door . "
Why Do I Need Short Term Disability Insurance? ,"You should purchase long termdisability , but short term disability insurance should be the minimum coverage to protect your paycheck . But before you do determine if your employer sponsored group benefit plan has a short term disability policy . Keep min mind that Social Security has a disability plan for working Americans and other for non workers . "
How To Apply For Medicare Part B? ,You can go the Social Security website at SSA.gov / medicare / or you can visit your local Social Security office . Keep in mind that Medicare Part A & B only covers about 80 % of the cost of care and the remaining 20 % that you would pay does not have a limit . A lot of people get a Medicare Supplement -LRB- Medigap -RRB- to cover what Part A & B does not . With the right plan you would have very little out of pocket expenses for care . 
Can I Rent A Uhaul Without Auto Insurance? ,"Probably so , yes . You see , in many cases , if you had automobile insurance , it may not extend coverage onto a commercial van or truck like that anyway . So in a case like that even if you had your own insurance , you would need to obtain the coverage that Uhaul might offer as part of their package . "
Which Kind Of Life Insurance Is Best? ,"The best kind of life insurance is the life insurance policy that accomplishes your goal at the best possible rate . There are two basic types of life insurance . The first is cash value life insurance which can insure you your whole life , provide funds for children 's college , provide tax free retirement or provide funds for a critical illness . The second type of life insurance is term life . Term life insurance can create an instant estate , pay off a large debt such as a mortgage or student loan , provide a business funds in case of a death of a key employee and is the most affordable type of life insurance . "
Will Renters Insurance Cover Mold? ,"Mold and fungus coverage may be covered under your renters insurance . But the coverage most likely will be limited to a certain number , like $ 5K or $ 25K and deductible will apply . To better answer this question , check your insurance policy . If you can electronically search for the word `` mold '' do that . For example , The Hartford Insurance Company generally will pay out for mold damage that 's a direct result of a peril that 's covered by your policy . Let 's say mold , which needs moisture to thrive , is caused by water from a failed pipe , a covered peril . In that case , any resulting mold damage should be covered because the source of the water is covered by your policy . However , if mold is due to long-term neglect or overdue maintenance , then homeowners insurance is unlikely to cover the damage . Visit our website and instantly compare 3 HO proposals from Hartford , Travelers , Safeco on WEBSITELINK "
Can You Have Life Insurance While On Medicaid? ,There are no government restrictions to owning a life insurance policy while you are on Medicaid . The main thing is to be sure your monthly premiums are affordable and in your budget . It does not make since to purchase a life insurance policy that in a few months or years you can not afford . This would be a huge waste of money . Good luck . 
"If the owner of a life insurance policy dies and the insured is still alive but the policy hasn't matured, if the insured wanted to cash out will he/she only be getting the cash out value? ","The insured has no rights per se under a life insurance policy . Therefore , if the owner of a life insurance policy dies before the beneficiary , ownership of that life insurance policy reverts to the estate of the deceased owner . It 's that person that gets to decide what happens to the life policy . Hope this helps . "
How Does Variable Life Insurance Work? ,"Great question ! The type of policy you are asking about is called a universal life policy . The difference in this kind of policy lies in the flexibility of your payments , and in its performance . Unlike a term or whole life policy that will have regular , preset premium payment amounts , the universal life policy gives -LRB- within limits -RRB- you the ability to pay a little more , or a little less on your payments . The way your premium is invested gives you some flexibility also , unlike a more mainstream policy . If you would like more details , please contact me , I 'm happy to help . Thanks for asking ! "
What insurance covers your car if an auto shop damage your engine? ,"If your vehicle is damaged as a result of negligence by the body shop -LRB- or authorized dealership -RRB- , your auto insurance policy will not provide reimbursement for any out-of-pocket expenses you incur . Your best option is to work directly with the body shop/dealership that did the repair work an attempt to work out am amicable solution agreeable to both parties . Damage to the engine can be potentially very expensive , and perhaps render your vehicle unfit and unsafe to drive . Hiring an attorney may be your next-best recourse if the offending party is uncooperative . Important Note : This answer was provided by Ed Harris , one of the nation 's premier car insurance brokers . Carinsurancezoom.org is the leading US trusted authority for providing the best car insurance rates from top-rated companies . "
Does A Single Person With No Dependents Need Life Insurance? ,"Need . That 's a personal question only the individual can answer . What would the need be for ? And ` Life Insurance ' covers a lot of territory . When a single person with no dependents asks me if they need life insurance I ask them , `` Do you feel that you need a safe , protected way to save and grow your wealth tax-free ? '' -LRB- And there are a few other questions I ask -RRB- As an Insurance Adviser I 'm a big fan of Whole Life Insurance through a Mutual company because of the tax-free cash value growth . Something everyone can use - even if it 's not a `` Need '' as in the case of people like Warren Buffet , Bill Gates , etc. . "
Does Auto Insurance Have To Be In Owners Name? ,"Techinically to be able to insure something , you have to have an insurable interest in that something - typically this means you own the something or you are providing the financing of the something . The proper way to insure a vehicle is for `` named insured '' -LRB- the name the policy is taken out under -RRB- to be the same as the owner of the car . There are times where their is split ownership of a vehicle or a lot of times a minor might actually buy the car but still be on their parents policy . There are certain ways you can list named insured and additional insureds and a lot of times these are specific to your state and your particular carrier . Contact your local agent to discuss your specific situation . "
What Information Do I Need For Motorcycle Insurance? ,"the information you will need to secure motorcycle insurance is very similar to the information you needed to insure your car . If you are talking to the Insurance Professional who is already serving your car insurance needs , you are way ahead of the game because all of your personal information will already be available . Next you 'll need to provide the year , make and model of your bike along with the engine size - 750 cc or C50 for example . The bike 's Vehicle ID number will also be needed as well as the value of the machine . If you have completed a Rider Safety Course , required by many states in order for first time riders to obtain their license endorsement , a copy of that certificate will also be needed . Finally , if your bike is equipped with an alarm or other theft deterrent device , certification of that would be needed . "
Who Are The Top Homeowners Insurance Companies? ,"You can find numerous consumer surveys that rank homeowners insurance companies in a range of categories likeprice , customer service , claims service , financial stability , etc. . Find a few from sources you trust and see what they have to say . Or ... another option isgo find a local insuranceprofessional who has a long-standing relationship with one or more homeowners companies . If that company and agent have been successfully insuringhomes in your area for a number of years , that is a pretty good indicator of the quality of both the company and agent . "
How Much Life Insurance Can I Buy? ,"Financial justification is an important component when purchasing life insurance . Here are the basic components in determine the death benefit amount you want use to indemnify your beneficiaries . Add up all your debt -LRB- mortgage , auto , student loan , credit cards , etc. -RRB- Add up all your future obligations -LRB- childrens education , weddings , retirement . -RRB- Multiple your gross earnings from today until your target retirement date . Add all these categories together and you 've identified the bulk of your death benefit that you can justify to the life insurance company . "
How To Change Ownership Of A Life Insurance Policy? ,"The ownership of a life insurance policy can be changed by filling out a form , signed by the policy owner , requesting the change . You can contact your agent or call the customer service number for your particular life insurance company to obtain the life insurance change of ownership form . "
How Much Does Auto Insurance Cost In New Jersey? ,"Auto insurance in New jersey will vary quite a bit , depending on your age , zip code , types of vehicles you drive and of course , how many tickets and accidents are on your driving record . An experienced broker can quickly compare the best offers from the major carriers so you can save money . You can also view prices online from top-rated companies . "
How Much Should You Pay For Life Insurance? ,"Not more than you can afford . Any insurance you can afford and keep in force is better than the largest insurance policy you can not afford and will let lapse . Depending on your age and health , and whether you choose term or whole life , the price will vary tremendously . Try to find the best company , with the highest ratings , longest existence , best caring agents , knowledgeable listing people , and work with them on a plan for now and over the years , for you and your family . Gary Lane , Registered Representative , New York Life , 949 797 2424 . Thank you . "
How To Cancel Critical Illness Insurance? ,"Canceling an insurance policy is very simple . You may call your agent and have them cancel the policy the agent may refer you to the company customer service number , more than likely if you have you have good agent he will finish the process for you . There will be some forms to to sign possibly , depending on the carrier you are with . "
What Age Does Disability Insurance End? ,What age does disability coverage end ? It will depend on the contract . Disability policies can vary from ending at 65 up to age 75 depending on the carrier and what their contact states for an end date . Some plans reduce benefit or length of payout past age 65 . Depending on the company you choose your payout could go anywhere from 2 years to lifetime . 
Can I Sue My Auto Insurance Company? ,"I am not an attorney , so this should NOT be construed as legal advice , however , my belief is that it would depend on why you are considering suing them . There is normally a requirement in a policy that claims issues be resolved through an arbitration process between you and your insurance company . However , if you have been wronged in some other way , it is certainly possible . It is normally much less expensive to start with your state department of insurance . They are a consumer advocate and should help you make sure your rights are protected . "
Can I Have Auto Insurance Without A Car? ,"Yes , it is possible to have auto insurance without owning a vehicle . You would purchase what is called a `` Named non-owner policy '' . This is typically liability only coverage that provides you coverage when you do not own a vehicle . Contact a local agent to find out more about coverage availability and pricing for your geographic location . "
Will Homeowners Insurance Pay For A Cigarette Being Dropped Resulting In Catching Carpet On Fire? ,"It is always a good idea to check in and discuss the specific terms and conditions of your Homeowners Policy with your Insurance Professional , but yes , your Homeowners policy would more than likly cover this loss . Fire damage is a common cause of loss that is among the named perils in most Homeowners ' policies . "
Does Wells Fargo Have Renters Insurance? ,Wells Fargo is not an insurance company . Wells Fargo can act as an agent with several insurance companies to find you renters insurance . I personally would consult an independent agent who offers insurance for a living and is able to consult on coverage needs then use a bank that offers insurance as a side business . 
Is Medigap Insurance Worth It? ,"If you would like to have peace of mind knowing that the remaining 20 % of Medicare approved charges will be covered by insurance -LRB- instead of your bank account -RRB- , then Medigap insurance is absolutely worth it . Medicare Beneficiaries with Original Medicare Part A and Part B leave themselves vulnerable to the ` gaps ' that Medicare does not cover -LRB- co-insurance , co-pays and deductibles -RRB- . This can add up quickly . For example , a $ 5,000 procedure would leave you with a bill for $ 1,000 -LRB- 20 % co-insurance -RRB- . A $ 20,000 procedure would bill you for $ 4,000 -LRB- 20 % co-insurance -RRB- . You see where this is going ... $ 50,000 operation means you 're stuck with a $ 10,000 hospital bill . Not to mention -- if you have a chronic illness , twenty-percent co-insurance can put a huge burden on your budget . I have spoken to Medicare Beneficiaries who are paying the 20 % co-insurance . Some do n't mind because they have n't had any health issues , but others do have health issues and did n't realize they could n't get a Medigap Plan once they were sick . Meaning , you are not always guaranteed a Medigap Plan whenever you want to buy one . If you are not in your initial Open Enrollment Period or another Guaranteed Issue Situation , you 'll have to qualify medically . If I can assist you with your personal situation , please feel free to contact me . "
What Is The Best Life Insurance Policy For Children? ,"There are different views as to what the best life insurance is for children . If you have more than one minor child , getting a child rider on the parent 's policy is a very low price way of covering your children . If they develop a health condition , they will be able to convert their policy to a permanent policy of approx 5 times the value of the rider when they become an adult . If they stay healthy , they can purchase a permanent policy on their own , at a competitive price , when they become adults . Some parents prefer to purchase permanent policies for their children while they are young , and then give them that policy , all paid up , when they become adults . Either way , getting life insurance on your children ensures that they will be able to have affordable coverage as adults , in addition to providing protection if there was a tragedy while they are young . "
How To Claim Water Damage With Home Insurance? ,"Start by talking with your Insurance Professional about the coverage and limitations of your particular policy . Provide a good discription of the damage and if possible , the cause . I say if possible because while it is fairly easy to pin point a failed valve or pipe , it is harder to find the source of water that may have come in through the roof . Your Insurance Professional will be able to advise you about your deductible and help to report the loss to your Insurance Company . Your assigned Claims Professional will investigate the loss and determine coverage under the terms and conditions of your policy . "
Why Do Health Insurance Companies Deny Claims? ,"Generally , medical claim disputes occur over contract definitions , perceived benefits not covered and various forms of fraud , i.e. misstatements , misleading information or material omission of fact . -LRB- Sometimes the agent has misrepresented the benefits as well . -RRB- Sometimes benefits are not paid until deductibles are satisfied and/or late payments beyond the grace period . "
How Long Does Term Life Insurance Last? ,"Term life insurance lasts as long as the term selected . When the number of the years are up , many policies either automatically become annually renewable , or you can choose to make them annually renewable . This extends the years of the policy , but at a very high price that can go up every year after that . Many Term policies offer conversion privileges , which allows you to change them to permanent insurance . The conversion period may be offered for few years , all the way to the end of the term . Converting your Term life insurance is a way of making it last for a lifetime . "
What Is A Straight Life Variable Annuity? ,"First , a straight life annuity is most usually set-up on a ` fixed ' basis and not a ` variable ' one . This is especially the case since the intent is usually to give the policyholder or ` annuitant ' an income stream in retirement . A major point is that payments to an annuitant cease when the annuitant dies . The intent of the policy is to give the annuitant steady payments for his or her lifetime . Their is no beneficiary involved . Some policyholders may want to speculate on the amount of regularly scheduled payments by purchasing a variable annuity but most would rather not risk negative investment results , adversely affecting their retirement payments . Therefore , back to the first point : Fixed annuities are more popular than variable ones . "
What Is The Difference Between Life Insurance And Health Insurance? ,"Life insurance pays the face amount of the policy to the beneficiary named in the policy . The policy does not pay the benefit until the insured person dies . Health insurance is used by the insured person while they are still alive , to pay for their medical care , both to prevent illness and to treat it . "
Is Life Insurance Ever Tax Deductible? ,"Generally nolife insurancecannot be tax deductible for an individual . mainly because life insurance proceeds are distributed tax free . However , the exception would be if the life policy were in a qualified retirement plan . For business owners and companies life insurance can be tax deductible up to a $ 50,000 face amount on employees if the employer is paying the premiums . "
How Important Is Disability Insurance? ,"How important is disability insurance ? It 's going to depend on your situation . Since Disabiliyt Insurance is paycheck protection , the first thing you have to ask `` is my paycheck worth protecting with disability insurance ? '' Maybe you have passive income or considerable savings that may reduce the the need for disability coverage ? Maybe you are just shy of retirement ? I guess the importence of Disability Insurance to the individual is going to be in proportion to how long that person can go without a paycheck ? Answering that question usually establishes your waiting period for most people for the policy they are considering . "
What To Look For In Life Insurance? ,"What you look for in life insurance will depend on what your specific needs are . If you need temporary insurance coverage , then you should probably look for term policies and compare prices to ensure you get a good price . If you are looking for permanent coverage , or are looking to use life insurance as an asset/cash accumulation tool you should look for policies from companies with strong financial ratings and a strong track record for either paying interest or dividends . "
When Should I Cancel My Term Life Insurance? ,"Based on my 33 years as a life insurance broker , there are multiple answers to your question . Since there are different types of policies -LRB- guarantee periods , conversion options etc. . . -RRB- different face amounts of coverage , and of course , no identical household financial situations , it 's critical to speak with an experienced broker -LRB- and their website -RRB- . Other variables include how your needs have changed , changes in family makeup , budget concerns and possible health issues . This is the type of issue we work with every day and to properly assess your situation , more information is needed . The ramifications of terminating a policy are substantial and the correct decision must be made . "
Can You Claim Prescription Glasses On Medicare? ,"Unfortunately , the only time that prescription glasses are covered by Medicare is when following cataract surgery . One pair of glasses is allowed after each cataract surgery . Medicare does not cover the cost of prescription glasses for purposes of improving eyesight affected by aging or other conditions that impair eyesight . "
Who Can I Buy Life Insurance On? ,"You can buy life insurance on someone with whom you have an `` insurable interest '' . That means that there would be a financial loss to you if they were to pass away . You can buy a policy for your children , as long as it is of a reasonable amount . And most companies will allow you to buy a small final expense policy for your parents . "
How Much Does Insurance Cost For An In Home Daycare? ,"In home daycare is a commercial risk . To get a quote contact a commercial insurance agent . I am confident that there are special packages for in-home daycare . You can contact other day care providers and see where they secured coverage . There are associations that also offer packages . If all else fails , go to a large broker and ask about a package and see what they can put together . "
What Is A Juvenile Life Insurance Policy? ,juvenile insurance is for children usually 18 or younger . It is a great insurance with many perks like automatically over a certain amount of years go up and depending on the carrier and state the application is written in . It can automatically go up in face amount without requiring a medical or be underwritten and generally very inexpensive and because we never know when our last day may be it is definitely something to invest in and generally have little or no medical questions however it will depend on the carrier and or state the application is written in . 
What Is The Difference Between Life Insurance And Critical Illness? ,"Life insurance pay your beneficiary when you die . Critical Illness pays too , but only if you die from a specifically listed disease or ailment . Thus Critical Illness is far more limited as to when or if it will pay your beneficiary . Usually Life Insurance is a far better and wiser choice for you to make . Unless your family has a very strong history of dying from a specific disease and you also can get a far cheaper rate for that limited coverage , go with the regular life . Thank you . GARY LANE . "
Does A Single Man Need Life Insurance? ,"It depends on several factors such as your age , goals and objectives . Many people who are single now expect to have a family sometime in the future . Or , they have extended family members in their care . One 's insurability can change in the future so starting now while younger and insurable is sensible . "
Is Disability Insurance Worth The Cost? ,"Disability Insurance protects your income . The average American becomes disabled once during their working years . That average time of disability is 30 months . Most Americans have 90 days of emergency money . Depending on your gender , age , smoking status and health condition you could pay 5-8 % of your income to protect your income . 60 % of your compensation tax free -LRB- because you didnt deduct the premiums -RRB- and 80 % of your compensation taxable because you deducted the premium through a business . Is that worth it ? "
What To Look For In Disability Insurance? ,"It is important for your policy to cover residual disability . That way , if you are only able to go back to work part time , or are not making as much as before because you are not working to your full capacity , you can still receive a partial disability benefit . You also want to insure yourself for your own occupation . If you are a computer programmer , you do n't want to have to take a job cleaning computers because you ca n't concentrate long enough during your recover to do programming . the `` own occupation '' feature will allow you to receive benefits until you can get back to your own type of job . "
Does Renters Insurance Cover Items In Storage? ,The policy forms and endorsements will determine this . Quite often the typical renters policy may cover personal property -LRB- PP -RRB- anywhere in the world with exceptions and limitations . A thorough reading of the policy is the only true and accurate way to determine what perils are covered and how much coverage is available for PP off premises . Many carriers limit ` PP away from the residence premises ' to a specific percentage of the limit on Personal Property shown in the declarations . They may also limit the off premises coverage to a set amount like $ 2500.00 All this is set forth in the contract of insurance . There are about as many different contracts as there are insurancecompanies offering the coverage Always ask to see a specimen policy if possible . If you are meeting with an agent or broker ask to see the specimen policy and have the individual show you where this coverage is and what limitations or exclusions apply . 
Can I Get Home Insurance With Aluminum Wiring? ,"Every homeowners application I have seen asks the question is there aluminum wiring ? They also ask if there is knob and tube wiring . These forms of electrical distribution only exist in homes over 40 years of age . These forms of wiring are potentially hazardous . Most insurers are not interested in houses with either form of wiring . That doesnt mean that it would be impossible to find coverage , however , rewiring the home may be a less costly option . "
How To Get An Auto Insurance Company To Pay A Claim? ,"An Auto Insurance company will pay a claim provided that the coverage is included in your policy , and the circumstances around the loss are included as covered perils in the terms and conditions of that policy . If you are involved in an accident I suggest the following , 1 -RRB- Do not move the cars . 2 -RRB- Call the local police . 3 -RRB- Assuming that the local police will offer this , collect all the pertinent information for the other party including name , address , contact number , year make and model of their car as well as a preliminary accident report . 5 -RRB- Take a few minutes when you get home to write a short report of the accident . This way , should you be asked for a statement , you are prepared and may read that statement consistently no matter how many times you are asked to provided it . Finally , call your Insurance Professional to report the incident and obtain advice and counsel . "
What Kind Of Life Insurance Can You Borrow Against? ,"The types of life insurance policies you may borrow from are cash value or permanent life insurance policies . These polices are commonly named whole life insurance , variable life insurance , universal life insurance or indexed universal life insurance . The cash value builds over time and will typically take about 5 years to accumulate enough cash value to begin taking loans . The first few years of premiums are used to fund the death benefit . The money is taken in the form of a loan in order to avoid paying taxes . If the money is withdrawn from the plan and not in the form of a loan , the coverage can lapse and the funds are subject to income tax . It is always a good idea to consult your agent or insurance company to avoid a costly mistake when taking money from a cash value life insurance plan . "
Do Auto Insurance Companies Share Information? ,Based on my knowledge and experience I do not believe that the auto insurance carriers share information about their clients directly with other carriers . I beilieve that accident information is placed into a data based that is used by all/many insurance carriers to help provide prospects a more accurate rate when receiving a quote and it also makes life easier for the prospect by not having to remember all of the detail of their claims history . 
Would A Cat D Car Affect My Insurance? ,"Auto insurance follows a specific car . If you have other cars , adding a Cat D car will probably not affect the policy . Many insurers will not provide physical damage coverage for a Cat D car . Otherwise you should be able to find a company that will insure the car for public liability . "
How Much Does Health Insurance Cost? ,"The cost of health insurance can be very affordable or incredibly expensive , depending upon may factors . If you are healthy , young , single , do n't smoke , and live in Ohio , you rate will be very cheap . If you are diabetic , a smoker , obese and live in New Jersey , your health insurance costs more than your home . Your best option is to talk to an experienced broker so you can get a free comparison of the most affordable medical plans in your area . "
Does Auto Insurance Follow The Vehicle? ,Good Question usally insurance follows the car . For example if with my prmission you borrow my car and get into a car accident my insurance should cover the claim . Keep in mind some companies lower you liability limits to the state minimum if are not the driver of the car at the time of the accident . 
How To Evaluate Auto Insurance Companies? ,"There are several criteria that you could use , however , my recommendation is that you select an agent that you can trust . The company is important but not critical . State Insurance Commissioners are obligated to make sure that the companies that they admit to do business in your state will honor the promises that they make . On the other hand , the agent can guide you into wise decisions regarding limits and coverages . At the time of claim the company will perform but they will only perform to the limits that you and your agent set , so make sure you have an agent that you trust . "
How Much Is Aflac Short Term Disability Insurance? ,"Unfortunately , you are not able to purchase Aflac short term disability insurance as an individual . To buy Aflac 's short term disability coverage requires that you are employed by a business that offers it , and then it is paid for by payroll deduction . You would need to contact the business you work for to get the rates for this insurance . "
Who Is The Best Life Insurance Company? ,"I do not know if you can say one is the best at everything , but I do know that one has the greatest and most unique policy coverage . Premier Financial Alliance , through its carrier National Life Group , provides not only Living Benefits Life Insurance , so you do not have to die to collect , but ALSO provides as part of this , Chronic Care , Critical Care , Terminal Care , covering all the areas a person could need payment for as part of their life . If they are disabled , they can get paid . If they need a Nursing Home , they can get paid . If they need Experimental Medical Care , they can get paid . Plus , their premiums are substantially lower than some of the much advertised on TV brands . Yet NLG has been around about 167 years ! I urge you to talk with your qualified Premier Financial Alliance representative . Love to talk with you ! GARY LANE . garylane@cox.net . 714 422 9616 . Thank you . "
How Much Does Auto Insurance Increase After Speeding Ticket? ,"Most insurance companies will give you one speeding ticket , in fact since most companies only do periodic checks , they may not know about the ticket right away . The effect on your rates should be minimal if at all . This varies by company however so check with your local agent . Do not call the insurance company to ask them directly however . That phone call could result in a check and depending on the company , could result in an increase if you have more than the one incident on your record or you are getting a discount for a perfect driving record . "
What Is The Face Value Of A Whole Life Insurance Policy? ,"The face value of a Whole Life insurance policy is the amount of coverage that was purchased . It differs from the cash value , which is the amount of cash that has built up inside the policy . If the policy is surrendered , the cash value -LRB- minus any fees -RRB- would be collected . If death occurred , the face amount -LRB- adjusted by loans , fees , dividends , etc -RRB- would be collected . "
How Does Long Term Care Insurance Work With Medicare? ,"You will continue to receive Medicare , and Medicare will continue to pay for qualified health care costs , regardless of whether or not you have Long Term Care Insurance . Most Long Term Care Insurance policies pay the insured person to spend as the benefit as needed/desired . For those that pay the facility , there is no formal coordination between Long Term Care Insurance and Medicare . "
Is My Home Insurance Tax Deductible? ,"This is a question better asked of a Tax Professional , of course . Generally speaking they are not , however , there maybe situationswhere it may be possible for at least a portion of the premium . This is where you must consult your tax professional . There are circumstances where a home office is set up , where a portion of home expenses , including insurance MAY be tax deductible . These regulations change regularly so always use the knowledge of your tax professional with regard to Federal and State tax regulations . "
What Could Easily Get You Dropped From Your Auto Insurance? ,Several things can get you dropped from your auto insurance policy . One could be not making your payments which could result in policy termination . However assuming you make your payment on time the main reason is increased risk . A poor driving record is usually the primary contributor of your policy being non renewed . DUI 's andwrecklessdriving are top of the list or a combination of multiple accidents and moving violations will do it . You wo n't be cancelled for one or sometimes even two accidents but have that third one and in most cases you may be dropped . There are some carriers that do have a no drop promise so something to consider . 
What Are The Key Provisions In A Life Insurance Policy? ,"Jerry has provided you with a good summary of the provisions in your standard life insurance contract . I will share with you some additional info about one clause in particular : the suicide provision . I have actually handled claims due to suicide . You can imagine how extraordinary an experience that can be . Being there for people in their time of deep grief is hard enough . Getting involved with finances at the time requires great delicacy . And to do so when the cause of claim is suicide gives things an almost unreal quality . Most people have a really tough time dealing with death . When people take their own life , it makes things almost too hard to handle . Against this crazy backdrop , you have the added question as to whether or not the insurance company will pay the benefit . I am pleased to report that in the few cases I have had , the answer has been an unequivocal yes . One claim was actually pretty close to the two-year limit . As such , there was concern as to how tough a line the insurance company would draw . They are , after all , worried about insurance fraud and people trying to collect benefits illicitly . But this case was indeed tragic . It involved an elder gentleman who just was really sick and had had enough of life . So he settled things in his own way . The claim was paid without delay . "
Where To Find Cheap Renters Insurance? ,"Many companies offer cheap renters insurance since this type of policy is usually fairly inexpensive . To find and compare the lowest rates in your area -LRB- perhaps $ 8-20 per month -RRB- , work with an experienced broker that has been licensed for a decade or more and utilize their expertise . Whether it 's State Farm , Allstate , Geico or another reputable carrier , they will be able to find you a plan that fits within your budget . "
How Much Does It Cost For 1 Million In Life Insurance? ,"To find the cost of $ 1,000,000 in life insurance for you , you can go to a website that allows you to put in your information to get your quote , or you can call an online life insurance agency or one that you locate with the Yellow Pages or Chamber of Commerce Directory , or you can visit a local life insurance office . That way you will get the rate that applies to you , not to an unknown person advertised on TV for the type of policy that may or may not do you any good . "
Why Do People Have Life Insurance? ,"People have life insurance for more reasons than you might think . Of course , they have life insurance so that their loved ones would have something to pay the bills for at least a while , until they can get back on their feet . They have life insurance so their kids can grow up financially stable in spite of the emotional trauma of losing a parent . They buy it for business purposes ; to tide them over if a key employee dies ; to provide money for a son to purchase the business from Dad if Dad dies ; to pay the estate taxes . Life insurance is used to fund funerals , provide collateral for loans , and save up money for the policy holder 's dreams . Those are just some of the reasons people have life insurance . "
What Does A Medicare Wellness Exam Include? ,"The Medicare Wellness Exam occurs after the first 12 months that you have enrolled in Medicare Part B . A Medicare wellness exam includes filling out a risk questionnaire , a review or your medical and family history , developing or updating a list of current providers and prescriptions , height , weight , blood pressure reading , routine measurements , detection of cognitive impairment , personalized health advice , a list of risk factors and treatment options , and setting up a screening schedule . "
Can A Life Insurance Claim Be Denied? ,"Even with a death certificate a death claim can be denied . In this very unlikely event , the company will return the premiums paid . Policy provisions allow for a period of time during which they can contest the claim . Suicide is the most obvious reason for declination . Death claims have been denied when the identity of the insured was not adequately revealed in the application . Fraud is a major concern , particularly when death closely follows the issuance of a policy . "
Should I Get My Own Disability Insurance? ,"If you do not have Disability Insurance through your work , it is a good idea to get your own DI policy . Or , if your work policy does not provide as much coverage as you would like , you could purchase a supplementary Disability Insurance policy . Long Term Disability is the type of DI policy most people purchase on their own . "
What Is Health Insurance Premium Credit? ,"The health insurance premium tax credit is a creation of the Affordable Care Act -LRB- ObamaCare -RRB- and first became available January 1 , 2014 . In general , individuals and families whose income falls between 100 % and 400 % of the Federal Poverty Level will qualify for some level of subsidy for health insurance that they purchase through the Federal or state health insurance marketplaces in the person 's state of residence . The amount of premium credit a person qualifies for is based upon a sliding scale that is highest at the low end of the Federal Poverty Level and declines to almost nothing as a person gets to the 400 % level . A person can only receive this premium tax credit for health insurance plans they purchase through the government health insurance marketplace . You do have a choice when you learn that you qualify for a premium tax credit . You can choose to receive it in the form of an `` Advanced Premium Tax Credit '' or you can wait until you do your annual taxes and capture it at that time . With the `` Advanced Premium Tax Credit '' choice your credit amount will be sent to the insurance carrier you select each month to pay a portion of your monthly premium and you will be balance billed for the rest . If you opt to pay for your health insurance in full and then claim your credit on your income taxes the amount of the credit you qualified for would be included in any income tax refund you receive . This might be a very important choice . Your premium subsidy will be based upon what you estimate your income will be in the coming year . If you guess wrong and receive a higher subsidy than it turns out you actually qualified for based on the income you report on your income tax form for that year then the overpayment can be withheld from any income tax refund you might have had coming . Conversely , if you made less than you had projected you would find your possible income tax refund increased by the remaining subsidy amount you would have qualified for . While the premium tax subsidies do provide a mechanism to assist persons in certain income levels to purchase health insurance they might not have otherwise been able to afford , it will also complicate the income tax filing process for many of these people . "
Is Life Insurance A Good Retirement Investment? ,"Life Insurance was never set up to be an investment . While the cash value in a good life policy can provide a good safety net and source of savings , never invest all of your funds for retirement in life insurance alone . If you have a low risk tolerance and desire safety then you also need to look at annuities . A Roth or Conventional IRA for example , provided by a good insurance company . Life Insurance is meant to be the foundation for a good retirement , not the entire structure . "
Does Farmers Insurance Offer Life Insurance? ,"Per their website , Farmers insurance offers life insurance through Farmers New World Life Insurance Company . To obtain a competitive quote from numerous life insurance companies to compare to their quote , contact a website that offers life insurance quotes from multiple companies . It never hurts to look around , especially if you can utilize one website that does the shopping for you . "
What are my options for life insurance if I have chronic hepatitis b and mild cirrhosis? ,"You can go about securing coverage in one of two ways for this type of medical condition . A route with no medical questions would be issued under a guaranteed-issue , graded benefit whole life insurance policy -LRB- 2-year waiting period for full coverage to start - accident only coverage in years 1 and 2 -RRB- . The maximum amount of coverage you can secure under one of these programs is between $ 20,000 - $ 25,000 . Please note , most guaranteed-issue life insurance policy have a minimum age requirement of 45 or 50 years old . The 2nd route is going to be the most advantageous If you 're looking for more coverage than that , but you would need to go through full underwriting . These programs would allow you to secure full coverage from day 1 of the policy -LRB- no waiting period under a graded benefit -RRB- . The specific results of the liver enzyme tests for the conditions , the medications used to treat the condition , alcohol consumption frequency , how long you 've had the condition , and other factors contribute to the risk classification a carrier can offer -LRB- this determines the rates -LRB- cost -RRB- for the coverage , if approved -RRB- . Because there is a presence of hepatitis with cirrhosis of the liver , you will need to shop the case among multiple companies to see which carriers can consider coverage at what risk class . Every company has their own underwriting guidelines so some companies may be able to work with the medical history where others may not - for this , I highly recommend shopping the case first before applying for ANY coverage because throwing mud against the wall to see what sticks -LRB- applying to multiple companies -RRB- can work against you as it can become a red flag to insurance companies when they see declines in the MIB -LRB- Medical Information Bureau -RRB- records . An independent insurance broker such as myself can do this for you . My group is licensed in over 35 states and with over 50 insurance companies and we charge no fees to our clients for our services . We can help you with the entire process from start to finish . If you 'd like assistance in buying a life insurance policy , please send me a message and we will help you shop the case so you can secure the desired coverage at the lowest possible cost - my contact information is provided on my profile . I hope the information is helpful - thanks very much for your question . "
What Does Guaranteed Level Term Life Insurance Mean? ,"The term `` guaranteed level term life insurance '' has to due with the premiums paid by the insured . For example , if you purchase a 20 year term life plan for $ 50 per month , the insurance company by contract is guaranteeing not to change your premiums for 20 years as long as you pay your premiums every month . This is regardless in change of health , occupation or residence . You are able to cancel the contract at anytime . "
Does Home Insurance Cover Forest Fires? ,"Damage from fire is a very common covered peril in a Homeowners ' policy . Whether this fire is localized to your home or if your home is damaged as a result of being in the path of a forest or wild fire , there would be no difference in the coverage provided . "
How Does Life Insurance Work When You Die? ,When you die the person you named as the primary beneficiary will contact your insurance company to receive a death claim form . They will need to complete this short form along with a certified copy of the death certificate . Most life insurance companies process a death claim in just a few days unless you die a questionable death that is under investigation . This can slow down a death claim . 
How Long Does It Take To Pay Out On A Contested Life Insurance Policy? ,"That is a great question ! One I 'm sorry that you have to ask ... I 'm sorry for your loss . Each Stat 's Department of Insurance will have in its codes the specified time limits for filing claims , beginning the processing , and for making the payments . You may want to look there for your answer . The fact that your loved one passed so soon after purchasing the policy is always a red flag for the insurer , their first assumption is that there was a desperate health issue that led to the purchasing of the policy , and perhaps some dishonesty in the application answers . That is certainly not always the case , but that is how they treat it . They will ask for Doctor 's statements , coroner 's or autopsy reports , police reports , whatever documentation they need to determine if the timing was coincidental , or expected . Once they 've received all of the documentation , the process moves pretty quickly . I 'd expect the process to take between 6 weeks and 90 days , maybe longer , maybe sooner , depending upon how quickly everything is received . In any case , you will receive a payment for some amount . It will either be for face value of the policy , if they find in your favor , or for what had been paid in premiums over the length of time the policy had been issued , and some amount of interest , if they do n't . Should the latter be the case , you do have the right to appeal , but you 'll need a good lawyer and some money to outlast the insurer 's lawyer and overturn the decision . If you feel that you 've been wronged by them , you have the right also to file a complaint with the State . If you do so , be nice to your agent , because unless they advised you to misrepresent the truth , or have you apply fr something that was n't appropriate , I can guarantee you they had no part in the decision that was made by the company , In fact , they will have been asked for a statement also , and would have had to tell their impression of your loved one 's health . I 'm sorry for your loss , and I hope everything works out for you . Thank you for asking ! "
How Much Is A Life Insurance Policy Worth? ,"That is a great question ! I am going to assume that your question is a straight up value question , and not the metaphysical emotional value one . The face value , or death benefit is the amount that the policy will pay to the beneficiary when the insured passes away . That benefit is payable when the insured passes on a whole life policy , and only if the insured passes during the specified term on a term life policy . I hope that was what you were looking for , thanks for asking ! "
When Did Annuities Start? ,"When did annuities start ? Well they can be traced back to Roman times . Know as annua , people made a one time payment and then collected a payout every year there after . During the 17th century governments issued annuities to underwrite the many wars they were in . People provided money now to the government with the promise of a later payout over many years . "
Can I Get Medicare If I Am Unemployed? ,"Yes , you can get Medicare if you are unemployed , as long as you are age 65 or older and have paid in to Medicare long enough over the years to qualify for Medicare benefits -LRB- 40 quarters -RRB- . Medicare is based on turning age 65 , so even if you retire under age 65 , you must normally wait until you are age 65 to receive Medicare . "
What Is Guaranteed Premium Life Insurance? ,"Guaranteed premium life insurance is a life insurance policy in which you get a contractual guarantee that the premium will not change . It will not increase , and it will not decrease . That is a very good deal . You do not want to have to worry about your premium changing . This product is , after all , supposed to be the foundation of your financial portfolio . As such , it should be dependable . Virtually all life insurance products available now provide premium guarantees . Its really just a question of how long the guarantee will last . Term insurance gives you guarantees for a specified amount of time . Could be 10 years , 15 , 20 , 30 , etc. . After that , watch out . The price could go skyhigh . Universal life could also give you guarantees for a specified amount of time . The interesting thing about this product is that since it has a flexible premium , you can determine how long you want that guarantee . It could last from a few years , to your lifetime . You can kind of make it function as permanent term insurance . No guaranteed cash accumulation , but a lifetime guarantee on the premium . And on the death benefit , by the way . Whole life typically comes with a lifetime guarantee on the premium . Thats the way the product is designed . I think you can appreciate that the longer you want the guarantee , the higher will be the premium . You get what you pay for . There you go . What else do you need to know ? "
Who Underwrites Progressive Homeowners Insurance? ,"I believe there are many companies that underwrite for Progressive . Progressive lists the following companies at WEBSITELINK Homesite Insurance Group Website : WEBSITELINK Phone : 866-960-8609 IDS Property Casualty Insurance Company Website : WEBSITELINK Phone : 888-892-0824 Assurant Website : WEBSITELINK Phone : 866-208-0978 All Risks , LTD Website : WEBSITELINK Phone : 888-309-9176 QBE Insurance Corporation Website : WEBSITELINK Phone : 888-309-9176 American Strategic Insurance Corp Website : WEBSITELINK Phone : 888-309-9176 Occidental Fire and Casualty Company of North Carolina Website : WEBSITELINK Phone : 888-309-9176 First American Property and Casualty Insurance Group Website : WEBSITELINK Phone : 888-309-9176 "
Can My Employer Require Me To Have Health Insurance? ,"The only situations that might fall into that criteria would be if you worked for the federal government -LRB- small joke -RRB- . No you are not obligated to comply with your employers group health plan . Although if you are not covered as a dependent under someone elses health plan or you do not have a individual policy , then you should really consider crunching the numbers and running a cost-benefit analysis against the group health plan being offered - the benefits , the cost , and your M.A.G.I. and your tollerance for bearing the financial burden that would be generally related to your level of risk exposure . "
Does Homeowners Insurance Cover Air Conditioner Replacement? ,"I am assuming that you are talking about a Central Air system . Homeowners Insurance provides broad coverage for damage caused by named perils , and excludes coverage for damage caused by some specific instances like earth movement and flood for example . So say there is a lightning strike that damages electrical appliances connected to your home , including your AC unit . In a situation like that , subject to your deductible , insurance will cover the cost to either repair or replace those appliances . If they are damaged by a flood or a mudslide or some other form of earth movement , then the policy would not provide coverage . "
How Can I Get Life Insurance Online In Pennsylvania? ,"Not all insurance companies offer online applications , but many of the top low cost life companies in Pennsylvania do allow for online applications . You can get quotes for dozens of companies in your state state by visiting WEBSITELINK Any of the quotes you see that say `` e-signautre '' allow you to submit your application online . If you need further assistance , one of the agents at the company will be happy to provide a consultation at no charge whatsoever . "
Why Should Smokers Be Denied Access To Medicare? ,"That 's a great question . I 'm assuming that it is rhetorical , since Medicare is available to you whether you are puffing two packs a day , or do n't smoke at all . If there were a reason why they would be denied a share of the Medicare pie , it would be because of the infinitely greater drain on the system that smokers cause . The health effects of smoking are horrible , and tremendously expensive . You can say the same thing for obesity , though , so you could answer the same for them . Thanks for asking ! "
What Does Home Owners Association Insurance Cover? ,"This can vary from one Association to another . As it pertains to actual property I have seen as little as the grounds only to the complete building you own . Most common coverage is what we call studs out . The HOA would cover your home from studs out in a loss and the owner would be responsible for walls in on a separate policy . Also the owner is responsible for their own personal property , liability protection , medical coverage and loss of use . Also it is very important to carry loss assessments since in an HOA situation a homeowner can be assessed for a loss even if the owners property suffered no damage . In an association you are one big happy family . Always get a copy of your CC&R 's and consult your agent for the proper coverages and protection . "
Does Health Insurance Require A Physical? ,"Most health insurance plans do not require you to have a physical exam . In some cases , when you are applying for individual health insurance the carrier may ask you to have a physical exam as part of the application process . This is usually a requirement if you do not currently have health insurance , or if you have not seen a doctor for any reason in the last 2 years . "
What Does Auto Insurance Not Cover? ,"It is easier to identify what it does cover . It covers your car . If your car is involved in an accident , it pays up to the limits of the policy for the bodily injury and property damage of the other party . If your car is damaged the auto policy can provide physical damage coverage to repair your vehicle . There are many things which it doesnt cover . For example , it does n't cover your personal property or business property in the car . "
How Much Long Term Care Insurance Is Enough? ,"Every financial product purchase has a value proposition , including long term care . Based on all the present gerontology statistics and ever increasing life expectancy , youll want to secure the maximum coverage for the longest period . Keep in mind that this includes the convention nursing home confinement our parents knew as well as todays popular assisted home living . "
Where Are Annuities Used? ,"Annuities are used in these 10 places plus more : 1 -RRB- The annuitant 's retirement years , as an income stream . 2 -RRB- In an IRA , to fund it . 3 -RRB- If self employed , in a Keogh-type retirement plan . 4 -RRB- Pensions plans , when used by businesses to fund them . 5 -RRB- Next to a pension plan , to supplement it . 6 -RRB- After the sale of a home or business . 7 -RRB- By grandparents , to pass money to grandchildren . 8 -RRB- If a variable annuity , for growth . 9 -RRB- When receiving a lottery prize , life insurance proceeds , or bonus . 10 -RRB- When unable to qualify for life insurance . "
Why Do Annuities Have Surrender Charges? ,"Annuities have surrender charges since the money in the annuity is invested in different timed instruments . The insurer maximizes their rate of return -LRB- and yours ! -RRB- by having sufficient time to manage the funds . If there is a constant flow of complete surrenders , the extra expense would make it more difficult to earn the desired rate of return . "
Which Is The Best Life Insurance Company In The USA? ,"That is a very subjective question . There are many different ways to measure life insurance companies . The 4 financial rating services that Peggy mentioned are probably the most common . However , you can choose to measure by policies in force , customer service ratings , claims paid ratings or even number of active agents selling for a specific company can all be used to measure number one . To be more specific would be helpful . "
Is A Term Life Insurance Policy Considered An Asset? ,"I like Jim Winkler 's answer above , `` in the regard that you have some peace of mind having some limited insurance coverage '' a term life policy could be considered an `` asset '' , but really not in any financial way . As Peggy said even if you are the beneficiary of someone 's term life policy you ca n't count it as an asset in terms of figuring your net worth in a financial statement or to borrow against . You can buy a credit term policy to cover a debt in the case of your death , but it still is n't counted as an asset . Again , I 'm with Jim - I do n't value or recommend Term life policies generally . They have their place in some situations , but more of a last resort in my opinion . "
When Can I Get Medicare Part D? ,"You can sign up for Medicare Part D when you first are enrolled in Medicare Part A and B . This is at age 65 , if you are receiving Social Security at age 65 . Or it can be at a younger age , if you have been receiving SSDI for two years or have ESRD or ALS . If you enrolled in Part B after Part A , in the open enrollment period , you can enroll in Part D from April 1 to June 30 . "
When Should I Apply For Long Term Care Insurance? ,Most of my LTC -LRB- Long Term Care -RRB- policy holders applied between the ages of 50-60 . Generally better health and reasonable premiums in that age bracket seemed to be a major determining factor . I would recommend locating an independent agent that specializes in LTC/Medicare to determine which plan/options best suit your specific needs ... 
Does Farmers Do Renters Insurance? ,"Great question ! The answer is yes , they do . They are actually one of the top insurers in the business . Call your local agent for quotes and coverage , and be sure to check out a couple of other companies just to compare what they offer . A tip - ask about replacement cost , vs. actual value . If you would like to know more , please feel free to contact me . Thanks for asking ! "
What If I Start Smoking After Life Insurance? ,"Other than the harmful effects it might have on your body and the decreased longevity , nothing will happen . Your life insurance policy is based on declarations that you made on a certain date . When things change after the issue date of the policy , the terms and conditions of the policy can not be altered . The same would be true of hazardous hobbies or occupations . "
Can You Drive A Car Without Insurance On It? ,"You can drive a car without insurance on it . A big car . A small car . A vehicle that is red , blue or green . But do you want to ? Unless your policy `` follows '' the vehicle and places insurance on it , you may not be covered . Make sure you 're covered by working with an experienced broker that can save you money . "
Why Does My Child Need Life Insurance? ,"That is a great question ! I can give you three reasons why it makes sense to have life insurance on your child . The first is that unfortunately , children die also . Unless you have the money to cover funeral costs , a very inexpensive policy can be a financial lifesaver . The second is that children can often develop health issues that would prevent , or make prohibitively expensive , getting a policy . Anything that leaves the child requiring home health care is enough to get them declined by many companies . The third is for financial security . Many companies will allow the increasing of the face value at points along the child 's life , and there is a cash value that grows along with the child . The right policy can ensure a good chunk of change is available if needed one day . I have policies on my kids , if that helps . If you would like to discuss this more , please feel free to contact me , I 'd be happy to help . Thanks for asking ! "
Roughly How Much Is Life Insurance? ,"That is a really hard question to answer without more information . Life insurance is one of the most affordable insurance products on the market for the young and healthy . There are a number of factors needed in order to quote a life insurance policy . For just a quote the agent will need . 1 -RRB- face amount of death benefit 2 -RRB- type of life insurance applying for . i.e. whole life , universal life , variable universal life , indexed universal life or term life . If term how long of a term ? 5-10-20-30-35 years level premiums . Then any additional riders applied for i.e. WOP , ROP , AD&D , Child rider , Etc. 3 -RRB- state of residence , date of birth , health status With this information an agent can get fairly close to a quote you could feel comfortable with . "
Why Do I Have To Get Renters Insurance? ,"A renters policy , like every other form of insurance is an expense until you have to file a claim . When you have a claim it is frequently the best investment you could have made . If everything you own is destroyed in a fire , your landlord will not replace your personal property . If someone falls down in your unit , the lawsuit could bankrupt you . The renters policy will protect you . "
Does Medicare Part B Cover Zostavax? ,No . Zostavax is for the shingles vaccine shot and is not covered by Medicare Part A or Part B. Vaccine shots are covered under Part D prescription drug plans . You can use the plan finder tool on the Medicare.gov website to see what plans in your area will cover the vaccine shot . 
What Is A Variable Universal Life Insurance Policy? ,"A variable universal life insurance policy is a policy that provides protection after death via a death benefit -LRB- the universal life part -RRB- , and cash generation while alive via investments in separate accounts -LRB- the variable part -RRB- . There may be a guaranteed death benefit , but the cash value in a VUL is not guaranteed , and you could take a loss with this type of policy , just as you can in the stock market . "
What Is An Abn Medicare? ,"Medicare ABN is a form offered up by medical providers when there is reason to believe Medicare will not pay for the treatment or device . When you are given the form you are expected to sign , acknowledging that , if Medicare denies the claim you are responsible for paying 100 % of the bill , usually in advance . "
Why Is Critical Illness Insurance Needed? ,"Critical illness insurance is needed if you are living paycheck to paycheck and have little or nothing in savings . Most major medical policies will cover routine care for cancer but you have deductibles , copay 's and coinsurance that can create several thousand dollars in out of pocket costs . Also you are likely to miss several days , weeks or even months without a paycheck if you are a wage earner . "
Is Disability Insurance Considered Health Insurance? ,"Although disability insurance and health insurance are both morbidity insurance products they are not the same . Disability insurance can protects the income of the insured , it can protect the retirement contributions of the insured , it can protect business overhead expenses , key employees and bank loans from the disability of its business owners . Medical insurance protects against the expense of hospitalization or emergency room visits after the deductible has been satisfied . "
How Much Car Insurance Should I Buy? ,"You should carry enough liability coverage to mirror your assets and future earning potential . In an injury settlement , most of your assets other than retirement account -LRB- unless you 're drawing from them already -RRB- can be used to satisfy a judgment . The U.S. Dept. of Transportation estimates the average cost of a fatality at over $ 2mil . "
Why Buy Critical Illness Insurance? ,"People buy critical illness insurance to protect their family against undue financial hardship if they should become diagnosed with a serious illness . People are surviving serious health conditions more often , and for more years , than in the past . At the same time , it seems that everyone has a close relative or acquaintance who has had cancer or heart disease or other serious illnesses . These are just some of the factors that compel people to buy critical illness insurance . "
When Should You Buy Life Insurance? ,You should attempt to secure coverage the moment your beneficiaries or business partners would suffer economic loss at your demise . You should attempt to purchase life insurance while you young and healthy . You should consider life insurance at every life event you experience to keep the coverage current with financial liabilities . 
What Do I Need To File A Renters Insurance Claim? ,"To file a renter 's insurance claim , you would , of course , need to be insured under an active policy . You should also verify that it is a claim that is likely to be covered . Your broker or agent that sold you the policy can discuss that with you . The process does not take long and a payment will be processed quickly . "
Is Termite Damage Covered By Homeowners Insurance? ,"The most common form of homeowners insurance specifically excludes coverage for damage caused by insects . There is , however , coverage for unseen damage that leads to collapse . The policy is not designed to fix a problem , rather it is designed to restore after there is damage . "
Does My Car Insurance Cover Uhaul Rental? ,Liability coverage is always with the towing unit . So if you damage someone else or hit a low hanging sign your liability coverage is going to respond . If you are asking if the trailer itself is covered the answer generally would be only if you buy that coverage form the U haul dealer . 
How To Get Health Insurance When You're Pregnant? ,"You can get health insurance coverage if you are pregnant . As an experienced broker with more than 33 years of experience , I have good news for you . During Open Enrollment , maternity benefits are included and a federal subsidy could substantially reduce your rate , depending on household income . There are many types of plans available with various types of benefits . It 's important to allow a broker to help find the best plan options so you save time and money , and get enrolled in the best plan . "
What Happens To Homeowners Insurance When Someone Dies? ,The homeowners policy covers the property . In that regard the policy would continue to protect the home . It would be wise to contact the insurance agent and have the insured changed to reflect the new ownership . Mortgage companies require continuous coverage so it is important to keep coverage in place . 
Can Life Insurance Be Taken By Creditors? ,"A creditor may demand to be named as a loss payee on a life insurance policy . If you agree to that arrangement the company will , upon your death , contact the creditor to determine the amount needed to satisfy the obligation . That is then sent to the creditor with the balance being distributed to your beneficiary -LRB- ies . -RRB- "
Will Life Insurance Have To Go Through Probate? ,"Life insurance does not usually go through probate . If it is left to a person , charity , or group , it bypasses probate . However , if the beneficiary is the estate , or if all the beneficiaries are deceased , the proceeds of the policy will go to the estate , and thus , go through probate . "
How Much Does The Average Person Pay For Health Insurance A Month? ,"The answer to this question can vary dramatically , depending on your age , residence , and the type of coverage you purchase . It is common to see statistics on this topic that vary dramatically , with a low `` average '' cost in the $ 300 per person per month range , while other surveys show cost averaging $ 1000 a month or more per person . "
Can My Girlfriend Be On My Car Insurance? ,"In California the determination is that the car is attached to a household . If your girlfriend is also a member of your household , she not only can , but she must be a listed driver or excluded from the policy . If she doesnt live with you and operates your car with your permission , your insurance continues to cover the car . However , you are still responsible for the outcome and if she has an accident it could lead to an increase in your premium . "
What Does It Mean To Be Rated For Life Insurance? ,"Being rated for life insurance means that your life insurance will have `` table ratings '' added onto it due to one or more risk factors in your life -LRB- a moderately serious health condition or fairly recent alcohol treatment are two examples of ratable risk factors -RRB- . Each table rating usually adds 25 % of the Standard premium back onto the Standard premium . E.g. . If the Standard premium is $ 1000 per year , a policy rated Table 2 would cost $ 1,500 per year , or 150 % of Standard . This is a very loose explanation , not taking into account policy fees and the fact that some companies charge a different % for their table ratings , or add the % on a rating other than Standard . These variations can cause a wide range of prices among policies of the same table rating , and why it is especially important to shop among several carriers when you have a ratable condition . Most companies end table ratings at table 8 for Term life insurance . Sometimes a person who is unable to get Term can get Permanent insurance , as some permanent policies will allow more risk . "
How Much Is Health Insurance For A Family Of 4? ,"Health insurance for a family of four depends on many factors including your age , zip code , health conditions and what type of coverage you want . A temporary plan could cost as little as $ 140 pr month , depending on deductibles and ages . A comprehensive plan , would of course cost more . A top-rated website or an experienced broker can quickly compare the best options and quickly review which specific policies fit your situation the best . "
What Is The Best Motorcycle Insurance? ,"We tend to see questions like this a lot . I have to say that from my point of view , the `` best '' insurance is the one that is best for you and your particular circumstances . Look for a solid company with a proiven track record whatever insurtance you are buying . Certainly there are pricing differences between companies , but cheap does not always translate to best . When it comes down to it if you save a couple of buck s on premium buyt iot costs you hundreds or thousands because you don ; t have the right protection , then what yave you saved ? "
Is Health Insurance Sold Across State Lines? ,"Yes , Health Insurance can be sold from Brokers who are located in other states . These Brokers do have to get certified in order to be listed as one of the Brokers you can use . These Brokers decide which states they want to work in and be available to prospective insured . When you go online in your state , search out the agent who you want to use to confirm their authorization to support you through the sign up process . "
Why Did I Get A Bill For An Endoscopy When I Have Medicare And A Supplment? ,"Assuming you have both Medicare Part A and Part B -LRB- together this is known as `` original Medicare '' -RRB- , these two parts pay for approximately 80 % of diagnostic procedures . If you do not have a Medicare Supplement plan , then you may be responsible for the other 20 % of the expense -LRB- if the doctor does not take `` assignment '' -LRB- meaning the doctor accepting the Medicare-approved amount as payment in full -RRB- . If you had a Medicare Supplement plan , the 20 % of expenses you would normally be responsible for may be fully covered , depending on which Medicare Supplement plan you have . There area 11 different Medicare Supplement plans available in the marketplace - plans F and G being the most comprehensive . Please note , if you do have a Medicare Supplement plan , when you visited the endoscopy center , both the Medicare ID card and Medicare Supplement ID card should have been presented to the receptionist -LRB- or whomever handles billing at the facility -RRB- so the facility could bill Medicare and then the insurance company for the difference -LRB- if you had a Medicare Supplement plan that was not a plan F , you may be responsible for an extra amount -LRB- to an extent - again , depending upon the plan letter you have -RRB- -RRB- . I hope the information is helpful - please feel free to contact me if you have any other questions or would like to consider securing a Medicare Supplement plan . Even if you have a Medicare Supplement plan , a lower rate may be available to you without affecting the existing benefits or you may be able to improve upon what you have - Medicare Supplement plans are standardized so the coverage is the same for a given plan letter , regardless of the insurance company the coverage is through . "
Does Medicare Pay For Hypnosis? ,"Medicare can pay for hypnotherapy for a medical condition -LRB- such as intense and chronic pain -RRB- or a psychological condition -LRB- such as post traumatic stress disorder -RRB- that requires that type of treatment as a medical necessity . Normally , Medicare does not pay for hypnotherapy , even if prescribed as a method to help quit smoking . "
What Does Life Insurance Provide? ,"Life insurance provides money to those who would be financially disadvantaged if the insured person died . It is literally paid to the beneficiary in cash , and is usually not taxable . It provides peace of mind to insured persons while they are still alive , because they do n't have to worry about what would happen to those who are financially dependent on them , if they passed . It also provides a legacy of the deceased person in the minds and hearts of those who received the death benefit . "
Is There Life Insurance That Does Not Require A Physical? ,"Yes many . Small burial type policies rarely have physicals . However , there are several companies that go much higher with no exams . One company will go to $ 250,000.00 with no exam or blood , they will go to $ 450,000.00 with only a cheek swab . There is another that goes to $ 250,000.00 , up to age 60 , with no exam or blood . They also happen to be one of the lowest cost to age 121 policies currently on the market . Some policies require a face to face meeting with the agent , some do not . Some may require a short phone interview , some will not . Work with an experienced Independent Life Insurance agent for the options best suited to your needs . "
Where Do I Go To Get A Medicare Card? ,"It depends on whether you are already a Medicare beneficiary . If applying for the first time , you can reach the Social Security Administration at ssa.gov / pgm/medicare . htm . There is a button which activates the application for first time enrollees . If you are looking for a replacement card , go to sss.gov . Call the phone number listed on this site . "
What Is The Value Of Long Term Care Insurance? ,The value of any insurance protection product is to mitigate the financial exposure of an unforeseen event that could impact a family or business economically . The value of long term care insurance generally plays out in the later years of retirement where assisted living or nursing home confinement costs can erode financial stability . 
Does Renters Insurance Cover Identity Theft? ,"It will depend on the policy , but most companies offer identity theft protection now a days for an additional premium . The best thing to do would be check your policy or contact your local agent and see if that is included and if not see if your company offers that . "
Can You Have Two Medigap Plans? ,"No , it is illegal to have 2 Medigap plans . However , you can combine a separate Living Benefit Life or Supplemental Benefit policy that provides cash benefits in case of Accidents , Critical Illness , Disability , Terminal Illness or Death . This is a great way to offset financial risk in most cases . "
Is A Variable Annuity A Good Investment? ,"Video Transcript : Hello everyone , I 'm Steve Savant , syndicated financial columnist and host of the weekly online talk show Steve Savant 's Money The Name of The Game . I 'm answering questions from insurancelibrary.com and today 's question is : is a variable annuity a good investment ? Well remember , this is a market driven product , so the first thing you need to do is take a risk tolerance test . After you take the test and you turn out to be a conservative or even a conservative moderate kind of investor , you may not want to do this product . It has market risk , but it also has market potential . They have expense loads that you need to look at and see if the fees that are inside those contracts are worth doing . Remember , a variable annuity is going to be able to accumulate tax deferred and there could be income riders on which probably will cost you a little bit to play . There will be income riders that could generate guaranteed income for life depending upon if you elect to pay for it or not . Again , remember this is a long haul instrument . It has market risk . You could lose your money . Remember to always take the risk tolerance test for a product like this before purchasing . Well , that 's our consumer question for today . If you have any questions just submit them to www.insurancelibrary.com . "
When Not To File A Car Insurance Claim? ,"Generally speaking , if it is a minor physical damage loss to your car , namely somethingwhere the repair amount falls under your Comprehensive or Collision Deductible , you may want to think about not filing a claim . In all cases , however , discuss your options with your Insurance Professional . Keep in mind that if you have `` Full Glass '' coverage and/or Roadside assistance -LRB- Towing -RRB- , these are not subject to your deductible so they are worth filing . Again , your Insurance Professional is your best resource . Insurance companies review policies for both the size of claims paidand the frequency that claims are reported . Both can affect your rates down the line . "
How Much Is Permanent Life Insurance? ,"The smallest premium I have seen for a permanent life insurance policy is $ 15 . The highest is in the millions . The amount of coverage that you can get for any given premium amount depends on your age , health history , tobacco use , gender , height-weight , etc. . Your independent agent can give you rates for many companies and help you understand which companies will approve you . "
What Are Disability Insurance Programs? ,"That is an excellent question ! You have auto insurance to protect your car ; life insurance to protect your family ; health insurance to protect your health . Disability insurance is a way to protect your income , or paycheck . If you get sick or injured , and miss time at work , the loss of that time can be devastating , especially if you are one of the 77 % of Americans who live paycheck to paycheck , and say that even missing one check would be financially disastrous . These policies are designed to pay out if a designated amount if you are out of work for a designated amount of time . They pay for an agreed upon amount of time . It can be a great way to replace some or all of the income that you lost from not working . Find a local agent , and have them walk you through some plans , so you get an idea of how they work , and what they 'd cost you , ok ? Thanks for asking ! "
Is Health Insurance Going Up? ,"YES , in the aggregate sense . Perhaps for some individuals or groups their particular situation will allow them to benefit from the changes in rating methods and benefits required by the Affordable Care Act . But for most individuals and groups I am entirely comfortable in predicting higher health insurance costs . First of all , the underlying cost of health care services continues to rise . As these costs rise the cost of insuring these services must rise accordingly , this has been the case throughout my 30 years in the health insurance industry . Secondly , we are beginning to get a picture of what the enrollment composition in the individual health insurance marketplaces is looking like . As predicted by many industry professionals , the enrollment is skewing towards an older and sicker population with the highly desired young and healthy population largely remaining on the sidelines . Just today one of nation 's largest pharmacy management companies reported their preliminary analysis of the prescription utilization of marketplace enrollees vs their pre-health care reform population . Usage of expensive prescription medications for serious chronic health problems is 47 % higher , and this is just based on a couple of months of utilization data ! While some hold out the hope that the people who waited until the last moment to enroll were disproportionately young and healthy , my own experience enrolling people gives little indication that this was the case . So , the table has been set for adverse selection -LRB- more sick than healthy enrollees -RRB- in the health insurance pool , especially for the insurance carriers who elected to participate in the government health insurance marketplaces . This can not help but translate into higher health insurance costs for 2015 and in many areas of the country this will translate into very significant double digit increases in individual and small group health insurance . This has already been broadly hinted at by all the major health insurance carriers , it 's really not a question of `` if '' but just `` how much '' . "
Is Health Insurance The Same As Dental Insurance? ,"Health Insurance and Dental insurance are definately not the same . Dental insurance most certainly is an optional product that can be purchased stand alone alongside any other medical product . Dental insurance always has a specified `` waiting period '' before services can be performed and dental insurance either pays on a percentage of the total bill or it pays a flat dollar amount per service billed . All dental policies have a calendar year maximum that is payable . Some have deductibles , some do not . Health Insurance on the other hand always has a deductible and out of pocket , does not have a waiting period , and does not have an annual cap on benefits . Dental benefits or out of pockets do not have anything to do with health insurance out of pockets . "
What Are The Best Long Term Care Insurance Companies? ,"There are many long-term care insurance companies that have affordable rates and top-notch coverage . Some of them include John Hancock , Genworth and Mass Mutual . Since rates and benefits can vary , it is always best to work with an experiernced full-timebroker or financial planner that cab shop the best carriers and discuss the suitability of plans and how they will meet your goals . "
What Is The Average Amount Employees Pay For Health Insurance? ,"Unfortunately it is impossible to give you a one size fits all answer to your question because there are too many variables involved . What employees pay towards their employer provided health insurance can vary wildly from business A located next door to business B . Then you have to take into account that employer contribution levels will vary with the size of the business , the industry type that they are in , the state the business is located in , they type of benefit plan they have and many other factors . Generally an employer can contribute anywhere from 100 % to a minimum of 50 % of the employee only rate to have a group health insurance contract in place . I wish I could give youa better answer , or even an answer , but as you can see from just some of the factors listed above , it just does n't work that way . "
Can You Get Life Insurance With A Felony? ,"Depending on any other risk factors that you may have you may be able to purchase a life insurance policy with a felony . You will more than likely be rated if you have a felony , which means that you will typically pay more than someone that has not had a felony . Contact a local agent to find out more about coverage availability and pricing in your area . "
Why Do Doctors Hate Medicare? ,"It is a love-hate relationship , mostly because the Medicare system is manipulated by politicians who blame doctors -LRB- and hospitals -RRB- for rising costs of Medicare . Medicare pays doctors less than private insurance carriers for treating patients . On average , about 20 % less . There is no reason for them to be happy about doing the same work for a Medicare patient as for one with private insurance but being forced to accept 20 % lower reimbursement . "
Does life insurance pay out for suicide? ,"Certainly the question has been well answered above , but I 'll go ahead and add my `` two cents '' worth ... Insurance companies are n't in the business to give away money for free . So they take reasonable cautions when placing policies . One of those cautions is the exclusion for suicide . Most states have the two year exclusion for suicide , so if committed within two years of implementing a policy they will only return the premiums paid and not the Face Benefit of the policy . With a couple exceptions as mentioned above , after the two year contestibility period most policies will indeed pay the benefit amount even in the case of suicide . "
What Are The Benefits Of Having Disability Insurance? ,"Ask yourself these questions : If I were to have an accident and laid up for three to six months , how would I pay my bills ? Do I have savings ? What is that savings meant to be for ? Will I be able to continue running my business ? If yo can answer these questions and still not see the need for disability insurance , then maybe you do n't need it . Most people do . "
How Do I Know How Much Renters Insurance I Need? ,"Renters Insurance typically provides coverage for personal property/contents and for liability -LRB- including medical payments -RRB- . The higher the liability and medical payments coverage limits you choose , the better . These days lawsuits are all too common and having high liability limits will help protect you . As far as contents/personal property coverage goes ; all of your , `` stuff , '' has value . Add up what you think it is all worth and that amount should be your limit . Let 's say you rent an apartment , imagine flipping the building upside down and shaking it.Everything that falls out of your apartment is what you should assign a value to.This can be an estimate , you do n't need to go overboard searching through receipts . Typical renters policies I issuecontain $ 15,000-30 ,000 of contents/personal property coverage.Of course the values vary drastically depending on if you are for example , a college student or a50 year old CEO who rents . "
Can You Cash Out Annuities? ,"A deferred annuity can be surrendered at any time . Surrender charges , which are a percentage of the value of the contract , apply for a term specified in the annuity . Before surrendering an annuity make sure that you understand the tax consequences . If the annuity is an immediate annuity or has started distributing a lifetime stream of income , most companies will not allow the contract to be surrendered "
Will Diabetes Affect My Car Insurance? ,"Most companies will have a medical question referring to it or similar . Had a customer black out due to low blood sugar and carrier was refusing to pay due to disclosure failure . Had another customer who was blind in one eye . That carrier did not have a medical question about that -LRB- only diabetes -RRB- . customer never had a wreck with the good eye ... can not say the same for the other . He said it was not his fault he did not see it coming -LRB- did not turn his neck far around enough to look -- carrier did pay . Usually if the car is adapted for a disability no problem . They have not figured out how to adapt for blackouts for high or low sugar.Did have one customer upset that a carrier would not insure her , she explained that she only had seizures at night and saw no reason why she could not drive in the daytime . "
What Is A Life Insurance Mouth Swab Test For? ,"A mouth swap for life insurance will test for the following : HIV/Aids and Hepatitis B Tobacco Use Cocaine -LRB- or other elicit drugs -RRB- Use There are other things a swab test can be used for , but for life insurance purposes these are the basics . In addition , if you are only doing a swab test rather than a full paramedical exam then you are most likely applying for a small death benefit term life policy . These are great , inexpensive ways to provide death benefit to the insured . For additional information on a swab test for term life insurance please visit www.clminsure.com or call 561-320-2978 "
How Much To Spend On Life Insurance? ,"There are a few factors involved in what you need to spend on life insurance , but you will find - if you do some research - that premiums will vary somewhat from company to company . So if you work with an agent who has the ability to work with several different insurers you will likely be able to get the best rate for whichever type of life insurance products you decide on . Other than that the amount you spend on your insurance will be determined by your age , gender , health and the amount of benefit you choose . Also there are options for `` riders '' which add certain benefits , some of which are additional to the basic premium . The amount and type , ie Whole Life or Term will be determined by what your goals and needs are for the insurance . With all these things in mind I recommend you enlist the aid of a good Insurance Adviser / Broker who can help you make the right determinations and select the best insurer and products for you . "
How Do You Calculate Homeowners Insurance? ,"Insurance companies use two types of calculation tools to first determine the cost to replace the home if there is a total loss . The replacement cost is one of the determining factors in rating a home . The next factors are the location of the home , information about the individuals purchasing the home and their prior homeowners insurance history . Then we discuss with the client the desired additional coverage 's and deductible options beyond the basic replacement cost to help determine what best fits the clients needs and to give peace of mind on this important asset . "
What Does An Life Insurance Underwriter Do? ,"A life insurance underwriter is a key part of the Life Insurance Company . The actuary , another person , sifts through mountains of data to determine the life expectancy of a standard risk based upon each possible age . The underwriter determines if the individual is standard . They take personal declarations and information given by the applicant . They review medical records provided by attending physicians . They look at driving records . They can order tests and background investigations . If everything is normal the policy is likely to be issued standard . If the person is better than average , they might be preferred . If something makes the person more likely to experience early death they will be offered a rated policy . If they are too far from standard the underwriter is likely to decline them . "
Where To Get Renters Insurance Quote? ,Some insurance companies will provide a quote for renters insurance on line or by phone . I believe that there is a great deal of value in having a relationship with an insurance agent . There probably wont be any difference in pricing but with the agent you will receive advice on setting limits and any additional coverage which might be important to you . Give an agent a call . 
Will Home Insurance Cover My Laptop? ,"Discuss the specific terms and conditions of your Homeowners policy with your Insurance Professional , but it is likely that your policy will provide some coverage , albeit limited , for your laptop . Naturally any loss settlement would be subject to your policy deductible and there may be certain `` inside limits '' for laptops , computers , tablets , etc. that cap the amount of coverage and causes of loss . "
Can You Get Life Insurance On Another Person? ,"Yes , you can get life insurance on another person . It is not a requirement that life insurance be just taken out on yourself . As Steve said , you must have an insurable interest in the other person . When you get life insurance on another person , you can be the owner , payer , and/or beneficiary of that policy . Usually , but not always , the people who pay the premium also want to own the policy , because the owner can change the beneficiary . "
Who Is The Best Insurance Company For Homeowners? ,The best insurance company is the one insuring you when you have a claim . The best policy is one with limits adequate to deal with your needs . Price becomes immaterial if the coverage is inadequate . Companies are regulated by your state insurance commissioner who has your interests as his responsibility . Find an agent who will listen and then design a plan that meets your needs . 
Can Death Row Inmates Get Life Insurance? ,"That is an excellent question ! I work with several insurance companies , and I do not know of a single one that will insure someone who is currently incarcerated , especially one on death row . Insurance companies are all about risk , and if the applicant is living a lifestyle that includes incarceration , you can bet they will pass every time . Generally there will be a period of time that must elapse before they will consider approving the claim . Unfortunately , this is one of those side effects of negative behavior that is n't considered beforehand , and becomes a big problem afterward . Sorry , but thanks for asking ! "
What Is The Average Cost Of Individual Health Insurance? ,"In 2014 the national average cost of a Silver level plan -LRB- approximately 70 % coverage level and the most common plan design purchased -RRB- was $ 328 per month . This cost , in the overwhelming number of cases , will increase for 2015 plan year rates . As this is a national average figure and health insurance costs vary significantly from state to state , between regions within a state , and between different insurance carriers , it is only the roughest approximation of what health insurance might cost you . Your age and tobacco use status , plus the health insurance plan and insurance carrier you select are the primary factors in determining what your specific individual health insurance rates will be . Finally , whether or not you fall within the income ranges where you would qualify for some degree of an advanced premium tax subsidy will also factor into what your final monthly cost for individual health insurance would be . "
Is A Life Insurance Check Taxable? ,"That is an excellent question ! The very nice answer is that the money paid from a life insurance company to the beneficiary is not subject to State or Federal Income taxes . It is not counted as taxable income on your taxes . It is basically free money , and that is one of the main reasons that people buy policies . Thanks for asking ! "
Why Does Landlord Require Renters Insurance? ,"The landlord is trying to make sure that you are able to handle any lawsuit arising from your being in his building . He is also trying to make sure that you understand that he doesnt have any liability for loss of your personal property , regardless of the reason . Many tenants do not understand this . "
How Much Is Life Insurance For A Child? ,"Most individuals add children to their term life policies , for $ 10,000 on each healthy child , you can expect to pay , around $ 5.00 or $ 6.00 per month . Many also purchase a Whole life insurance , however these polices are much more expensive in the long run , even tough the monthly premium may be lower . "
What Is American Life Insurance? ,"There are many life insurance companies that have the word , `` American '' in their title . Are you certain that the entire name of the company is American Life Insurance ? If you are asking about American Life Insurance in general , it would be life insurance that provides coverage to persons in the United States . "
How Much Life Insurance Does Someone Need? ,"It depends on your individual situation . Everyone is different so there is no single answer to that question . I usually recommend enough to pay final expenses . The national average right now is between $ 5000 and $ 15000 . My recommendation for final expenses would be at least $ 25000 to help allow for inflation . There are a lot of factors to consider , debt , family situation , and a variety of other factors . Sit down with a good experienced independent agent . A good agent will help you find an affordable solution to your goals and needs . "
How To Lower My Homeowners Insurance? ,"Storms throughout the country are causing home insurance rates to increase rapidly . However , there are ways to reduce your cost . First , make sure you home is insured for the right amount . Second , increase your deductible . Third , review optional coverages on your policy and decide if the coverage is worth the cost . "
Can You Get Car Insurance With An Expired License? ,"No , you can not do that . Each driver to be insured must have a valid drivers license . The insurance company will verify eligibility of each driver by pullingtheir motor vehicle record -LRB- MVR -RRB- prior to issuing a policy . If a license is suspended or expired , the insurance company will decline to offer insurance coverage . "
Can I Pay My Car Insurance With A Credit Card? ,"Every insurance company is different , but generally speaking , most companies will accept credit cards . However , the ones that do accept credit card payments may or may not accept the card the your are trying to use . So in short , you can usually use a credit card to pay for for insurance , but just contact your local insurance professional or carrier to make sure . Thanks for asking ! "
Does Health Insurance Cover Quitting Smoking? ,"If you purchase individual health insurance , you may have toask your agent to check individual policies in your area , as there is no `` mandated '' benefit for smoking cessation . When Healthcare Reform rolls around , it may be included as a preventive benefit , but that has not been defined yet . "
How Much Is Health Insurance Without A Job? ,"The same as it will be if you have a job . Under the affordable care act , you may be able to qualify for a subsidy to reduce your monthly premiums . If you qualify for a subsidy , you will want to look at health plans on the health insurance exchanges - subsidies can not be applied to plans off the exchanges . It 's always helpful to consult with an experienced health insurance broker who can work with you on a personal level to help you determine which plan will be most suitable to your specific needs . I hope the information is helpful - please feel free to contact me for help or if you have any other questions . Thanks very much . "
How Much Of Your Salary Is Covered By Disability Insurance? ,"For a group Disability policy , the maximum of your salary that you will receive is about 60 % . For private Disability insurance , the maximum of your salary that can be replaced is about 80 % . These numbers will vary greatly depending on the policy , and if there are two policies . the total of the coverage can not be over the maximum amount . "
What Happens To Car Insurance After A DUI? ,"Two things may happen after you receive a DUI conviction : You can expect to see higher auto insurance premiums with any company . You may receive a letter of none renewal from most standard auto insurance companies . You will see a significant increase in premium from a non-standard insurance company at time of renewal , Call the MVA of DMV in your state to see how this affects you driving privileges . You may be denied a Job offer . You may be denied life insurance with some companies . It is not good in either case . "
How Much Voluntary Life Insurance? ,"If you 're asking how much payroll-deducted life insurance should you purchase above your free group term , there are a few considerations to think about . First , be sure you understand what happens to the coverage if you leave your employer . Most of these plans are not portable , and they terminate when you leave the company . For that reason , I would not look to these plans as a replacement for personally owned life insurance outside of your employer . The other issue is that contrary to conventional wisdom , payroll deducted life insurance may not be lower in cost than buying outside of work . Many of these companies who issue the coverage use a less stringent underwriting process , which may be a good thing if you are not insurable at the best rate classes . However , if you are in very good health , you will likely pay less for individual coverage than through payroll deduction . There 's also the term conversion benefit on personally owned coverage that you may not have on the voluntary policy . "
How Much Does Life Insurance Cost For A 60 Year Old? ,"The rates for life insurance for a 60 year old , as with every age , depend a lot on the type of policy and health of the applicant . If applying for a 10 year Term policy , willing to take an exam and in superb health with no other risk , a 60 year old female could get a rate as low as $ 43/mo for $ 250,000 . If she has some moderate health conditions and does n't want to take an exam , she could get a $ 15,000 final expense policy that will not go up in price for the rest of her life for about $ 43/mo . "
How To Fill Out Claim For Disability Insurance Benefits? ,"There are five basic steps needed to file a claim for disability insurance benefits . First , download the claim form from the web portal of the insurance company issuing the policy . Second , complete the personal information section . Third , have your doctor complete the physician 's report section stating the medical reason why you are unable to work . Fourth , have your employer complete the appropriate section verifying that you are no longer earning an income . Fifth , sign the form and return it to the insurance carrier for review . "
At What Age Does Health Insurance Drop? ,"For most Americans with individual health coverage , their policy will terminate , or drop , at age 65 , when they become eligible for Medicare . People who receive coverage from their employer may be able to remain on their group coverage beyond age 65 , depending on the rules governing your employer 's plan . In such a case , you should also consider whether or not to accept Medicare coverage , or you may incur penalties for enrolling in Medicare after you are first eligible . "
Can You Keep A Car On The Road Without Insurance? ,"In the State of North Dakota , you are required to have a drivers license to legally drive a car alonewithout fines or penalties . However , there are a few insurance companiesthat will insure you and a vehicle if you have a permit and you own a vehicle . If you are driving the vehicle you own with a licensed driver you will be able to legally operate your vehicle and have it insured in your name . "
Is Term Life Insurance A Good Investment? ,"Term life insurance as noted by Peggy above here has no cash value and is temporary . So it has no investment value . If you mean `` is term life insurance a good value in the case of my dying , then yes ... IF you die before the policy terminates . If you die while the policy is in force your beneficiary will receive considerably more money that you had paid into the policy , and that tax free . So in that case it would have been a good benefit , value and investment . If you outlive the policy you get no money back , the policy is gone and so is the money you paid into it . So in that respect it 's like many other high risk investments - there 's a good chance you 'll loose all your money and no one will benefit ... except the company that sold the policy -LRB- investment -RRB- . "
Can I Get Life Insurance If I Have Taken Drugs? ,"If you have taken drugs over 10 years ago but have never had to have treatment or have not had any infractions due to drug use , your history of drug use may only affect your premium slightly , or possibly not at all . If your last drug use was more recent , you can still get simplified issue life insurance if you have not used drugs in the past two years . And finally , there is guaranteed issue life insurance for those who are currently using drugs . "
Can You Buy Life Insurance For A Parent? ,"YES of course . In fact many `` children '' are purchasing Life Insurance to prevent a financial strain on the family . Also consider , with the Critical Illness & Chronic Illness features on policies these days , it is not a bad idea to get a policy which will help fund in the event of a heart attach , stroke , cancer & Chronic Illness which you can think of in simple terms as Long-Term care needs -LRB- note : these generally speaking are not Long-Term Care Insurance but is available -RRB- . Remember there does have to be an insurable interest in place . Depending on the company , you may have to have insurance on yourself . Your parents have to be involved in the process as well . You CAN NOT just take a policy out without them knowing . "
Am I Covered On My Girlfriend's Auto Insurance Policy? ,"Just want to add a bit of additional information , I do not believe is well covered in the answers so far . You are rightly concerned about your own use of the vehicle . But there is a broader issue as well . If both of you are listed on the policy as named insureds , you both can create permissive use on your own . So being a named insured is important to making sure you have a policy that will respond , but also recognize that you are then both entitled to create permissive use by others . What does that mean ? you could hand the keys to a friend or your live in partner could as well . So with any expansion of coverage there is additional responsibilities . If you or your partner let any one else use your car you should make sure you 1 -RRB- that person has a valid drivers license and 2 -RRB- know or certain the person you are allowing to use your vehicle is not impaired by alcohol , drugs or lack of sleep . These couple of check points will help keep you out of trouble for what is deemed to be negligent enturstment . I add one other disclaimer . I am not a licensed agent in your state , so this is just friendly advice that cost nothing and should be viewed as such . "
Will Medicare Pay For A Blood Pressure Machine? ,"Medicare does not normally pay for a blood pressure machine . Two exceptions are if you are suspected to have `` white coat syndrome '' where your blood pressure goes up when taken by a health care professional . Then Medicare may pay for an ambulatory blood pressure monitoring device that takes your blood pressure periodically over a 24 hour period . Or if you are on dialysis in your home , Medicare will pay for your blood pressure monitor and stethoscope . "
What Is The Best And Cheapest Life Insurance? ,"The cheapest life insurance is usually annually renewable term , followed by 10 year term . Annually renewable term goes up in price every year , and 10 year term goes up in price every 10 years . Some companies carry 5 year term , but there are so few choices that 10 year term rates often beat the rates of 5 year term . Whether that type of short term policy is best for you depends on your need for the life insurance . E.g. . If you are purchasing it to pay for your funeral , you run the very real risk of being unable to afford the policy by the time you die . In that case , buying permanent insurance is usually a better choice , even if it starts out costing more . However , if you only need your policy for a few years , getting a short term policy is most likely your best and cheapest choice . "
What Kind Of Retirement Plan Is Best? ,"The first step is to establish what your effective tax bracket is to determine if you should set up a qualified or non qualified plan . If your tax bracket is low , the deduction may not be as valuable in a qualified plan as the flexibility of a non qualified plan . You also want to assess your risk tolerance to help you select suitable investments that meet your financial profile . Another consideration is whether to set an individual plan or participate with a plan at work . Some employers match portions of your contributions , so it 's important to thoroughly examine your options . "
Does Long Term Care Insurance Include Assisted Living? ,"Long Term Care Insurance can include assisted living . Some LTC policies will pay the benefit directly to the insured person when the benefit is triggered . Thus , the insured can use it to purchase the lowest level of care that will allow them to maintain a residence in a facility , or even use it to hire a caregiver in their own home . "
Can You Buy Insurance For A Car You Don't Own? ,"I would like to add my two cents to this question , as Im not sure a couple of situations have been covered . But the question is Can I insure a car I dont own . If you own and insure a car , your own policy should extend your coverage to any car you are driving -LRB- borrowed , temporary substitute or short-term rental -RRB- as long as it is not another car you own or regularly use . In that sense , your policy then insures you driving a car you dont own . If you dont own a car but often drive cars you dont own and want to make sure you are adequately covered , you should be able to purchase a form of Drive Other Car coverage . Its common to see this coverage on business auto policies covering the business owner and family members when the business owner doesnt own a personal car but is provided vehicles by the company . Here again you are in a sense insuring a car you dont own . In my practice , I like to make sure every client has access to an automobile insuring agreement , as a named insured on a policy covering an owned car , as a spouse or family member residing in the household or some form of Drive Other Car coverage . I like to see adequate limits , comprehensive and collision and appropriate uninsured/underinsured coverage . No responsible adult should be without some form of auto insurance coverage ; as an owner , operator , passenger or pedestrian . "
Does A Spouse Have To Be The Beneficiary Of Life Insurance? ,"No . A spouse does not have to be the Beneficiary of a Life Insurance Policy . It can be anyone that has what is called an `` Insurable Interest '' in the person being Insured . In otherwords , it is supposed to be someone who could possibly suffer a financial loss if the Insured were to die . This could be most any family member , a close friend , or even a business partner . "
Where To Purchase Annuities? ,"An annuity is a life insurance product . The best person to discuss annuities with is a licensed life insurance agent . If you dont know which agent to contact , ask for referrals from friends , colleagues and neighbors . A good agent will listen to you , provide sound financial advice and communicate clearly with you and the insurance company . The agent can match your desires with a suitable annuity . "
How Much Life Insurance Does A Person Need? ,"There is no set amount . Conventional methods used by life insurance professionals to determine the amount you need focus on `` Capital Needs Analysis '' , `` Human Life Value '' or methodologies that involve variations on these . The key thing is to meet with a life insurance professional who can help you start the planning process and ensure that adjustments are made over time . To help prepare for that meeting , you can use one of the many online calculators such as this one : WEBSITELINK "
How Quickly Can I Get Life Insurance? ,If you have certain medical conditions you will not be able to apply for a life insurance policy that will issue withina day . Also remember that there is a clause with most if not all life insurance policies that will allow the carrier to deny payment of the death benefit within the first two years the policy is in effect if it is found that any part of the policy information was fraudulant or death of the insured was self inflicted . 
Does A Beneficiary Pay Taxes On A Life Insurance Policy? ,"For personally-owned policies , life insurance death benefits paid in a lump sum to the beneficiary are received income tax free - a unique and important benefit . If the beneficiary is a business and that business owned the policy , the business is generally not subject to the regular corporate federal income tax on the death proceeds provided special requirements are satisfied for policies issued or materially modified since August 17 , 2006 -RRB- . "
How Many People Have A Retirement Plan? ,"That is a great question ! The really short and really scary answer is not enough . And of those who do , the majority have found that it is nowhere near enough . The average retirement fund has enough to provide for three years of current standard living , but the average lifespan after retirement is fifteen years . What is going to happen those last twelve ? Add to that the rising costs of skilled care , -LRB- 70 % of Seniors will require some at one point -RRB- and even the little savings disappear quickly . Unfortunately , we do n't emphasize teaching people about retirement preparation , and as a result , 55 % of our Seniors live in poverty , and depend upon public programs that will soon be bankrupt to survive . I sincerely hope that is n't you , one day . If you are afraid it is , please contact me . Thanks for asking ! "
At What Age Does Term Life Insurance Go Up? ,"Term life insurance goes up in price after the years for which the guaranteed premium have been completed . E.g. . If you took out a 30 year policy at age 30 and it was guaranteed not to go up in price for the full 30 years , it would go up at age 60 . If the policy was guaranteed not to go up for 20 of the 30 years , there is a chance that it could go up at age 50 . "
Does Home Insurance Cover Leaking Pipes? ,"Ryan is correct - if a pipe has been leaking for the past few months and failed to go unnoticed , your homeowners policy would n't extend coverage . Furthermore , most policies do n't include mold coverage and , in fact , are excluded from coverage under most policies . As such , you should take care to notice and resolve any water damage immediately , and utilizing Servpro or ServiceMaster to mitigate water damaged areas as quick as possible . "
What Is The Interest Rate On Annuities? ,"This can vary depending on the type of Annuity . Deferred Fixed Annuities currently pay anywhere from 2 % for a 3 year contract , up to 3 % for a 6 year contract . An Immediate Fixed Annuity -LRB- which pays a percentage based income for life on the amount you invest in the Annuity -RRB- currently pay up to 6.42 % for a 65 year old , all the way up to 9 % for a 75 year old . It is best to work with an independent annuity expert who can shop the current rates and give you the best company and best product available on the market . "
When Should I Get Health Insurance For My Baby? ,"Typically the new born child must be added within 30 days after birth . Please contact your insurance carrier or HR department to do this ASAP . Very important and time sensitive , the sooner the better . The baby may be admitted under it 's own name right after birth for various reasons and coverage must begin then . Most insurance companies require notice within 30 days of birth "
Can I Get Money From My Term Life Insurance Policy? ,"Term Life Insurance has come a long way from days past when it just paid you a death benefit to your heirs when you passed . Today , besides having the death benefit , you can design your term life policies to give you access to the death benefit if you have a covered Critical Illness or Chronic Illness along with Terminal illness too . This gives you some flexibility during these hard times . Having the Return of Premium rider on there is another option , basically giving you free insurance if you keep the policy to the end of the term . Generally speaking , the return will be equal to 4-8 % if you were to invest the difference . It all depends on your age , the amount of premium and the length of time you have the policy . Talk to a Broker to discuss what makes the most sense to meet YOUR needs . "
Can Annuities Lose Value? ,"The short isit depends on the annuity . There are basically three crediting methods used in deferred annuities : interest rate crediting , indice crediting and separate sub account crediting . Interest rates are generated by the companys predominately government bond portfolio . Most indexed annuities invest their interest rate returns in domestic and foreign index options . Some indexed annuities that credit zero in a given year , still charge policy expenses and which could result in a loss . Variable annuities use equity and bond instruments in their separate sub accounts selected by the variable annuity owner . These separate sub account allocations are subject to market risk , i.e. you can lose money . "
How Do Lifetime Annuities Work? ,"The combination of mortality credits and the interest rate yield create a compelling reason to investigate lifetime income you cant outlive . Generally speaking , annuities offer payout options to their policy owners . Some elect to take out withdrawals other predetermined schedules like ten years or twenty years certain . But a popular payout option in a non-qualified annuity is annuitization for the life of the annuitant based on his or her age . This is also the exclusion ratio where basis is amortized to life expectancy as part of the initial payouts . "
What Is The Average Auto Insurance Rate? ,"This would be very hard to define with any accuracy as rates can vary greatly from one zip code to another . Based on my experience with the companies that I have worked with so far within my geographic location , I would say that an average auto insurance premium is around $ 70/mo . Please contact a local agent to find out about coverage availability and pricing in your area . "
How Do Life Insurance Companies Determine Rates? ,"In answer to your question each individual life insurance company determines it own rates based on information they currently have available to them which would include , past experience , current trends , and futureestimates.This allows the insurance carrierto offer a quality product at a competitive rate with staying profitable . Pretty much all carriers use the same criteria but not all have the same experiences or look at future outcome the same way which is why you have variable pricing from different companies . "
Who Has The Best Permanent Life Insurance? ,"The person with the best permanent life insurance plan is you , if your plan is in force at the full face amount . If you die your heirs are not going to care whether your plan had the best rate of return or the lowest net cost . They will be thrilled that you loved them enough to provide the death benefit that they received because the policy was in force . The best permanent life insurance is the policy that is in force on the day that you die . Regardless of premiums paid , the death benefit will normally be far greater . Permanent life insurance is much more likely to pay a death benefit as only a very small percentage of term life insurance policies result in a death claim . It is quite likely that the best permanent insurance life policy is the one that you purchased several years ago . In this situation , the older , the better . As a policy gets older the increase in cash value each year approaches the premium , making the actual cost of the policy negligible . It is quite likely that the best permanent life insurance policy is the one that you purchased when you were in better health . If you can only get rated life insurance now , then obviously , a non-rated policy would have been better . Many companies offer preferred and extra-preferred rates to individuals , who meet certain weight guidelines , are free of a history of certain diseases and exhibit other healthy characteristics . Over a life time these discounts are significant . The best permanent life insurance policy is one that doesnt have any loans against it . Loans are perfectly acceptable , however , they do accrue interest and they also reduce the death benefit . While a loan may be appropriate , paying back the loan is also a good idea . The best permanent life insurance policy is the one with an up to date beneficiary . A remarkably high number of policies are paid to the wrong person every year . This person isnt wrong according to the law ; however , it is not the person that the owner of the policy wished to receive the benefit . The best permanent life insurance policy is the one purchased from a knowledgeable life insurance agent . This is an agent who has been recommended to you . This agent should listen carefully to you and provide solid financial advice . When the agent makes recommendations they should be in the form of a plan that you can handle financially . It doesnt do any good to start a plan only to later discontinue the plan . The best permanent life insurance policy is the one which is reviewed each year with that same knowledgeable life insurance agent . If there are changes necessary the agent can take care of them quickly saving you consternation later . Since additional protection might be necessary to meet your changing requirements , the agent can give solid advice on how best to cover those needs . The best permanent life insurance policy isnt the result of the superior results of an insurance company . Every company admitted in your state has been scrutinized by your insurance commissioner . Your insurance commissioner is charged with administering the insurance companies admitted or domiciled in your state . In particular , the commissioner is interested in making sure that the insurance companies can keep their promises . In the end that is what you want , a promise kept . The best permanent life insurance policy is the one that you already own or the one that you will purchase soon . "
Is Life Insurance Taxable? ,"Video Transcript : Today 's question is , is life insurance taxable ? Well , at death of the policy insured , the actual proceeds generally go to the beneficiaries of the policy , absolutely tax free . It takes about 60 days for it to process , and your beneficiaries will receive it . And of course , they can use that to pay off indebtedness , or to put money aside in some kind of investment for future obligations like college education or retirement of maybe a surviving spouse . But the beauty of it is , sometimes you can use this for all kinds of ideas that you never thought about , including ongoing income for the surviving spouse ; an idea that is really becoming much more popular today . Some business situations as well as some estate situations may incur a tax , depending upon how it 's owned . But predominantly , most life insurance goes tax free to their beneficiaries . "
Is Homeowners Insurance Mandatory? ,"Homeowners Insurance is not mandatory ; for those that do n't want to be covered by home insurance against the perils of Fire , Wind , Theft , Burglary and Personal Liability , they may self insure at their own risk . If the home owner has taken a mortgage on the property , the mortgage company will require the asset insured thereby requiring the home owner to buy insurance . "
Does Medicare Part A Cover Doctors In Hospital? ,"It depends on how you mean this question . The care you receive from doctors while an inpatient at a hospital is covered under Medicare Part A . This is considered part of the medical treatment . If you have an appointment with a doctor who has an office at the hospital , this is covered by Medicare Part B . "
Can The IRS Levy Life Insurance Proceeds? ,"Once constructive receipt of life insurance proceeds enter the beneficiaries account , it becomes an asset . If the IRS levies the account , the life insurance funds are commingled with the other funds in the accounts and can be collected . It important for beneficiaries to remain unencumbered with financial liabilities , especially when they may be receiving life insurance proceeds . "
What Information Is Needed For Homeowners Insurance? ,"A lot ... but your local independent agent can help you with the completion of the required information . Here are some examples of what is needed . -LRB- List is not all inclusive . -RRB- Basic info about the prospective policyholder : name , address , age -LRB- for possible Senior Discount -RRB- Mortgage holder info Year built , type of building construction , roofing type Square footage Use : full-time dwelling , seasonal usage only , etc. . Protection Class -LRB- Agent can provide based on location -RRB- Proximity to fire dept and hydrants Wind coverage needs in some States Protection/Security devices : Smoke alarms , central station monitoring systems for fire , smoke , break-ins Deductibles desired/required Swimming pool ? Protection from accidental entry ? Trampoline ? Types of playsets on premises ? Types of animals -LRB- Some are excluded since a homeowner policy also provides liability coverage and animal bites to others are strict liability issues . -RRB- Again , not all encompassing by any means but it is not as difficult as it might seem to provide all of the needed information , especially with the help of a local independent insurance agent who should already be familiar with the territory and can make the application process flow . "
Can You Switch Medigap Policies? ,"The short answer is yes , you can switch your medicare supplement policy at any point in the year . The catch though is getting approved for the new plan . If you are over 65 and do not have a special enrollment condition you will need to pass a medical underwriting process for the new plan to accept you , this usually does not require a physical exam . If you are looking to change plans I highly recommend working with an expert licensed insurance agent who can help match you up with a company that will give you the best price for your situation . To search and compare plans and prices online please visit www.themedigapmarket.com "
Will Homeowners Insurance Cover Roof Leak? ,"Any damage to the residence caused by one of the named perils is covered . When the incident is sudden it is generally assumed to be covered . If it is a long term , slow leak there might be some concerns about proper maintenance . Recovery on the roof itself will probably be restricted to actual cash value at the time of loss . This restriction is frequently in an amendment to the policy . The damage to the interior is treated in accordance with policy provisions . "
Is A Tree Falling Covered By Homeowners Insurance? ,"It depends . Where does it fall?What caused it to fall ? A tree struck by lightning is typically covered . A tree that falls due to wind is not covered unless itlands onyour property such as your home or auto . If it lands in your yard and causes no damage , there is no coverage for the tree itself . Your healthy tree that lands on your neighbor 's house is covered by their homeowners insurance not yours . Prior to making a claim , you should always talk to your trusted insurance advisor to verify your coverage . "
How Do You Qualify For Disability Insurance? ,"You qualify for Disability Insurance by applying for a policy , just like you would for Life Insurance . You fill out an application and take a paramed exam in your home or other location of your choice . Not only do the DI underwriters look at your health , but they also take into consideration the nature or your job and the amount of income you make . Then they determine a rating based on the likelihood of your becoming disabled due to illness or injury , and how much Disability Insurance you can get based on your income . If your health disqualifies you , you may still be able to get a Disability Insurance policy with an exclusion , or get a graded DI policy . "
Why Buy Key Man Life Insurance? ,"Most companies have at least one person -LRB- e.g. the owner of the company -RRB- who 's loss can have a substantial impact on the business ' revenue . Upon this `` key-person 's '' death , someone else must be hired to carry on the same tasks performed earlier . Many company owners therefore insist on buying life insurance coverage to minimize the risk , and many lenders require that the business carry life insurance on the key person to protect their loans and investments in the company . The business would generally own the policy , pay the premiums , and be the beneficiary . Key person policies are often used to support a buy-sell agreement between business partners with the proceeds structured to purchase the deceased partner 's shares or interests in the company - the agreement would typically mandate that the deceased partner 's estate sell it 's stock to the remaining partners/shareholders and that the partners/shareholders purchase the interest for a specified price -LRB- theprice should help establish the value of the business for estate planning purposes -RRB- . "
What Questions Do They Ask For Life Insurance? ,"An important thing to know is what they do n't ask you but do check . For instance , insurance companies will check : Your MIB -LRB- medical insurance bureau -RRB- to see if you have applied with other companies and if you have been declined . You MVD report -LRB- Motor Vehicle Department -RRB- to see if you have any outstanding tickets , felonies , or dui 's . Your Pharmacy Report to see what medications you have been prescribed by Doctors . Make sure you answer the above questions honestly on the applications as the underwriters will be checking this information . "
Does Disability Insurance Cover Dental? ,"In general disability insurance does not cover dental work . You are eligible to file a claim if a covered medical condition prevents you from performing the full time duties of your primary occupation . The policy replaces a portion of income , and makes claims payments directly to the insured . If you need dental work you cant submit a claim to disability insurance as you would with dental insurance . Disability insurance will not reimburse dentists for performing procedures . Disability insurance may cover your income loss if your dental problems interfered with your ability to work . This is very rare . "
What Is Basis In Retirement Plan? ,Since a tax qualified plan defers taxation until money is withdrawn there is no cost basis . Or to put it another way the basis is $ 0 . All funds coming out will be taxed as ordinary income when received . If funds are rolled over to an IRA those funds when received will be taxed as ordinary income . 
Why Are Retirement Plan Obligations Liabilities? ,"Retirement plan obligations are liabilities because they are liabilities in the accounting sense of a liability . It is money for which the employer is legally obligated to pay or encumber on the behalf of an employee and is not money that the employer has freedom to use in any fashion it wishes , therefore the agreement to make certain benefits available under the plan are a liability to the company , as would be the case with any other legally agreed upon obligation . "
When To Change Homeowners Insurance? ,"You can change your Homeowners ' Insurance at any time , but for the most part , the switch can be a bit less complicated at the policy 's anniversary date rather than mid-term . That having been said , if you decide you have a need to change at any time , talk to your Insurance Professional who will be able to help make it as easy and beneficial to you as possible . "
Can You Have Two Medigap Plans? ,"No . It 's useless to have 2 medigap plans anyway as the coverage would become redundant - you would be paying extra money for no additional benefit as the carrier would n't be able to pay extra above and beyond what 's stated in the policy . E.g. -LRB- under the assumption that you could have 2 Medigap plans -RRB- if you have a plan F and a plan N , the plan F already covers everything at 100 % making the benefits under a plan N moot and would n't pay anything out . I hope the information is helpful - please feel free to contact me for help , including quotes and plan comparisons , and if you have any other questions . Thanks very much . "
What Is Variable Term Life Insurance? ,"Variable term life insurance ? Never heard of that ! You may be thinking of a variable ` premium ' or `` flexible premium '' life insurance . . ? As Peggy mentioned above , variable products have cash value and term policies do not . The `` variable '' component in those products is the amount of interest earned , because they are tied to investments in the stock market . A flexible premium life insurance would be a Universal Life policy , which is actually similar to a term policy where the cost of insurance goes up and once that exceeds what is being paid in premiums the sach value is consumed until there is no more insurance . There is such a thing as `` indexed '' universal Life , which is tied to a stock index and therefore the interest paid into the cash value will vary depending on the performance of the index . "
Can You Get Auto Insurance Without Owning A Car? ,"Yes , you can get a `` non-owners '' policy . This will cover your liability as a driver , if you do not own your own vehicle . This way you 're covered if you borrow someone 's car , or are renting a car . Contact a local insurance agent , and they 'll be able to get you the right policy . "
Why Would An Apartment Complex Require Renters Insurance? ,"It is both for you and their safety net . Said you have a friend stop by your apartment , slip and fall on your door steps . If you have renter 's insurance ; which have a liability section , your renters will be able to cover it if they decide to sue . Now bear in mind they will probably sue both you and your landlord , but having that you with renter 's means their insurance comes last if even needed . This is also why the landlord will always ask to have them added on to your policy as additional insured . So your renter 's policy covers them too for your liabilities . The other side of the coin is your personal property is covered under renters . So said your apartment has a fire or burglarize , your renter 's insurance will paid for the losses . A renter 's policy is very cheap compared to the coverage it offers . In my state , a basic policy runs $ 80 to $ 110 a year . It is less if you were to package it with your autos . "
Can Minors Be Beneficiaries On Life Insurance? ,"Yes , minors can be beneficiaries on life insurance . If the insured person passes away while the child is still a minor -LRB- under age 18 in some states , under age 21 in others -RRB- , the death benefit must be managed by an adult until the child reaches the age of adulthood . This helpful article describes some ways of legally handling this situation . WEBSITELINK "
My Neighbor And I Have The Same Auto Insurance Policy. Why Is He Paying So Much Less? ,"By same auto insurance , I assumed all the coverage are the same aside from being the same company ? Eg . liability limits , UM/UIM , PD , PIP . With everything being the same , the other factors can still be a variety of items . Your driving and claims history . Your marital status , credit score , education level , type of cars , rental or homeowner , occupation and on it goes . "
"I'm 82 And With Bankers Life Medicare Sup, Can I Switch? ","If you reside in the state of California you may change your Medicare Supplement plan each year , during your birth month , with no medical underwriting . In other words , as long as it 's your birth month you can apply to switch to a plan , that is equal to or less than your current Medicare Supplement plan , with another carrier and you will not be denied coverage . "
Where To Find Health Insurance? ,"Health Insurance is usually purchased through Health Insurance Agents . Keep in mind that the agent does n't charge the client -LRB- you -RRB- any money . We offer Health Insurance throughout California . If your in another state , make sure to look up a Health Insurance Agent that has contracts with multiple carriers so that they can give you the most options and the best rates possible . "
When To Cash In Whole Life Insurance Policy? ,"Are you seeking to cash in your policy now because the coverage is no longer needed , you can no longer afford the premiums or you need the cash now ? In general , you need to hold you policy a minimum of 15-20 years in order to have achieved a gain or return on your money that matches conservative returns today -LRB- ~ 5-6 % -RRB- . Surrendering your policy before then essentially creates or causes a less than attractive return on your premium dollars for that cash accumulation feature . If you are struggling to afford your premiums but do have a significant amount of cash value , surrendering your policy is not necessarily your only option . You can set your WL policy dividends to off set your premium costs rather than buying paid up additions . Depending on the age of your policy , the dividends may be significant enough to pay the premium in its entirety . Additionally , you can use an Automatic Premium Loan -LRB- APL -RRB- which automatically borrows from the cash value to cover your premiums annually . This of course , will reduce your policy face value with each loan but is a way to preserve some sort of coverage in the event that you are no longer able to afford it . Lastly , depending upon your age , you have the separate alternative of selling your life insurance policy to an investor in an transaction called a `` Life Settlement '' . The offers that policy owners receive , depending on certain parameters , are multiples of the policy 's cash value . You can read more about this through the Life Insurance Settlement Association -LRB- LISA -RRB- WEBSITELINK Please contact me if you would like more information about a life settlement . "
What Is Renters Insurance Loss Of Use? ,"Loss of Use for both Renters and Homeowners Insurance pays for any additional expenses incurred if you are forced to leave your home or apartment while repairs are being made . For example , you have to pay additional housing costs because of staying in a motel , you have to eat out more because you have no place to cook your food , you have to store your salvagable furniture in a storage facility . These type of things would be included under Loss of Use . "
How Does Life Insurance Make Profit? ,"A life insurance company is like a bank in that it makes a profit from the services that it provides . State regulators assure that companies admitted in their states are not making inordinate profits . Much like a bank they bring together people with similar needs . They provide services to determine how to share the risk that affects all of them , death , collision , fire or something else . "
Does High Cholesterol Affect Life Insurance? ,High cholesterol isnt normal . Standard rates are based upon an assumption that you are normal . There is as great deal of information that can guide an underwriter on how to adjust the premium for the increased risk that your case represents . Some companies have a wider ranger for normal than others and some have done extensive studies on certain health conditions . These companies might be better suited to provide you with life insurance at a reasonable rate . 
Can I Take Out A Life Insurance Policy On My Ex Husband? ,"Yes , you can take a policy out on your ex-husband if certain conditions apply . First , your ex will have to sign as the insured so unfortunately you ca n't get a policy without him knowing . Second , if you depended on his income or alimony this can be approved . If you have children with your ex as the father , then life insurance can be taken out . You will have a tough time getting a policy approved if it has been years since you have been married and if you do n't stand to lose anything . "
Which Type Of Life Insurance Pays A Dividend? ,Participating whole life insurance pays annual and terminal dividends at the declaration of the mutual life insurance companys board of directors . A dividend is not guaranteed and is defined as a return of unused premium up to basis . And as a return of unused premium up to basis is tax free and can be used for a variety of applications one of which is cash . 
Does A Will Supercede A Life Insurance Beneficiary? ,"There may be specific state exceptions , but in general terms the beneficiaries of a life insurance policy named by the policy owner receive the death benefit proceeds.Sometimes it is difficult for a person with the power of attorney to act on behalf of the policy owner to effect a change in beneficiaries . "
Why Is Health Insurance For Young Adults Important? ,"Health insurance is important because it is the way we finance health care . Health care is expensive with office visits , lab tests , x-rays , and surgery whether inpatient or outpatient . Most people do not have money saved up for medical expenses and therefore purchase health insurance to help pay for medical care . 80 % of Americans spend less than $ 900 annually on medical care and if you are young and healthy you may not think you need health insurance . Health insurance also protects us against large and unexpected medical expenses . The large health care expenses young adults have are usually caused by outdoor activities and sports where injuries can create high medical bills . Those are the main reasons why young adults should purchase health insurance to protect against larger unexpected medical bills . "
Does A 401K Contribution Reduce AGI? ,"Pre tax payroll contributions used to fund your 401K reduce the amount of income reported on your W2 . Your Adjusted Gross Income -LRB- AGI -RRB- is your gross income minus adjustments . Since pre tax elections reduce reported income , it also reduces AGI . Your AGI is used to determine the amount of qualified medical expenses you can deduct , and may apply to other tax trigger amounts . "
What Is The Difference Between Annuities And Perpetuities? ,"Generally an annuity uses scheduled of fixed payments for a time certain period of basis and interest . Perpetuities are a schedule of fixed payments , generally for the life of the annuitant , of basis and interest with mortality credits added to the account tied to the age of the annuitant . "
Does Celiac Disease Affect Life Insurance? ,"No , just having celiac disease will not affect life insurance rates , especially if it is being controlled by diet . If the celiac disease has progressed to causing other problems that are not being corrected by diet , those could cause an increase in life insurance premium . These include anemia , osteoporosis , or neuropathy . "
Why Have Universal Life Insurance? ,"Because , under the right circumstances and with the right carrier , you can outperform whole life 's growth by buying universal life . Universal is tied to certain market activity , which can permit additional growth over the carriers general fund . However , in down markets , it permits loss , which can actually cause an increase in the premium . There is , however , an easy way to prevent any such loss . Buy Indexed universal life . It provides a slight decrease in the market 's appreciation in exchange for a guarantee that you will never lose money when the market drops . Your funds are locked in annually . Talk with your agent . Thank you . GARY LANE . "
Does Life Insurance Cover Long Term Disability? ,"Life Insurance covers just that , your life . When you pass , the beneficiaries will receive the death benefit you have in force . Long-Term Disability provides you a benefit while you are alive . So , no , Life Insurance does not cover Long-Term Disability ... . HOWEVER ... There are now some Life Insurance products which give you access to the death benefit if you have a Disability . Keep in mind , the death benefit is reduced if you use the benefit . The advantages are you pay only one premium for Life and Disability Insurance . The disadvantage is you take away the Life Insurance benefit and you have to meet certain qualifications in order to receive the benefit . "
What Kind Of Life Insurance Can I Borrow Against? ,"There are four types of cash value accumulating life insurance products : participating whole life , current assumption universal life , indexed universal life and variable universal life . Participating whole life has two basic loan provisions : spread loans and direct recognition loans . Current assumption universal life has four loan provisions : zero net cost , wash , spread and participating loans . The cost to borrow your money from your policy will vary depending upon which policy loan provision your life insurance policy uses . It becomes even more critical when youre using life insurance as a supplemental retirement income vehicle . The loan cost can be as low as zero up to 350 basis points , so it matters . "
Can You Rollover A Non Qualified Retirement Plan? ,"Generally non-qualified retirement plans are funded by life insurance and/or annuities . Transfers or 1035 exchanges can sometimes be construed as rollovers , but there are rules that govern those exchanges : Life insurance to life insurance , Life insurance to Annuitybut not Annuity to Life . Any other funding product may have other rollover rules . "
Is Interest Earned On A Life Insurance Policy Taxable? ,"When discussing the topic of taxes always consultant your account . However , the basic rule of thumb with life insurance goes like this . A death benefit set up properly by your agent should not be taxed . On term life insurance there is no cash value so the only benefit is the death benefit . On permanent life insurance plans such as whole life and universal life insurance , these plans do build a cash value that does earn interest . However , this is tax deferred interest , meaning as long as the plan is in force there is no tax on gains . When you withdraw funds from the cash value , you will have two options with two different tax consequences . The first is if you cancel or lapse the policy and take the cash value , then yes , these proceeds or interest are taxed as income . However , if you borrow from your own cash value , then the IRS sees this as a loan and the funds are now tax free . I recommend speaking to your agent or advisor to avoid a costly mistake . The second loan aspect would almost always be preferred over cancellation to avoid taxes . "
When Do You Need Long Term Care Insurance? ,"You need to have the coverage in force at the time you have long term care expenses . So , to need to plan ahead . It is always best to buy when you are young and healthy . So , the best time to buy is now . Delaying purchase of long term care insurance can result in paying higher premiums since they increase at older issue ages . Also , your chances of becoming uninsurable for long term care insurance increase with age . Long term care can impact adults at any age so it is never too soon to purchase insurance for it . The average age of purchase has been falling in recent years as more people are purchasing it at younger ages . Many are buying in their 40s and 50s . "
Who Qualifies For Medicare And Medicaid? ,"People who qualify for free Medicare Part A are persons who have paid Medicare taxes through their employment for at least 10 years , and are age 65 . Those who are in the US legally , but have not paid into Medicare that long , can pay a premium for Part A. Medicare is also available to some persons with Lou Gehrig 's Disease or End State Renal Disease . And people who have been on Social Security Disability for two years can get Medicare . Medicaid is for persons with low income and very few assets . So the guidelines to get Medicaid are completely different than Medicare . "
How To Get Cheap Car Insurance At 17? ,"The way to get cheap auto insurance at age 18 might vary by your state . In California it would help if you were a part of a household with other drivers who have a good driving record . It will help a great deal if you are at least a B student , carrying a full load . It would help if your driving record was spotless . It would help if your household had other lines of insurance with the same carrier , there might be several multi-line discounts available . Different insurers might offer additional discounts . Finally , it might help if you were assigned to an older car and accepted only PL/PD coverage on that vehicle . "
Can I Put My Auto Insurance On Hold? ,"The answer to your question varies from one company to the next . Companies handle it differently . Some will allow you to suspend coverage , others will not . Some companies might require a valid reason to suspend coverage -LRB- such as military deployment -RRB- . Some companies also offer `` storage '' status , in which all coverages are suspended except for comprehensive coverage . But again , you need to ask your agent or company about how they handle this because they all handle it differently . "
What Is A Variable Universal Life Insurance Policy? ,A variable universal life insurance policy is a permanent life insurance policy designed to grow cash value similar to the growth of mutual funds . You will see the growth and the loss in these type of policies . Please talk to a Registered Representative who is able to design these type of policies to get an illustration for your review . 
Who Is The Best Home Insurance Provider? ,Your Insurance is only as good as your agent . Cheap rates does not mean the carrier is n't any good but they key is to make sure that you are covered properly and protected . I have seen time and time again that an agent will sell you something with the wrong value of your home all because they wanted to keep your business . I have use many carriers to compare rates with and Mutual companies on many occasions can cost much less . Please make sure to talk to an agent and make sure you are using a replacement cost for your home this is not the same as a appraisal that you get from the bank . Service is another thing to think about example . Our agency answers the phone 24/7 Make sure that your not stuck calling a 800 number for claims when you have a loss . Nothing is more frustrating then dealing with a loss and being told oh call this 800 number and they will take care of your claim . If your agent is n't filing the claim and actively calling your adjuster and making sure that you and your needs are taken care of then I would look to see what works best for you . Are you shopping for just the rate or are you looking for a carrier and an agent that will be there when you need it . 
Does Unemployment Cover Health Insurance? ,"Although unemployment does not technically offer health insurance , there may be other valid options , including : 1 . COBRA continuation of coverage , which the unemployed person recently had on the prior employer 's group plan . 2 . HIPAA portability coverage 3 . Medicaid for those with low income , for which the unemployed person may qualify 4 . A private insurance policy , known as an Individual / Family plan 5 . A private short-term policy to cover the gap between jobs , or the new-hire waiting period imposed by the new job . 6 . A conversion policy , in some circumstances 7 . Options in various states for high risk pools or guarantee-issued coverage . It is important for you to consult with an expert insurance agent/broker in your state , because acceptance of one of these options may disqualify you for another one . It is important to know your rights to coverage , the eligibility rules for that coverage , and the timeframes and deadlines that apply . "
Does Home Insurance Cover Wind Damage? ,"Be sure to check with your Insurance Professional about the particular coverage provided by your policy , but for the most part , yes , wind damage would be a covered peril under a Homeowners ' policy . Now , that having been said , it is also important to understand how your policy may be amended depending upon your property 's proximity to a coastline . In many cases , insurance companies will include a separate wind deductible in their policies that would affect how your loss would be settled . "
Do I need renters insurance in an apartment? ,"When you rent an apartment , you have the option to buy renters insurance . These policies protect your belongings while you live in the rental property . It is up to your whether you want to buy one of these policies . This insurance isnt needed to rent an apartment . There is no government law that forces you to buy renters insurance before you can rent an apartment . Its not like driving a car , which requires car insurance . If you want to rent an apartment without insurance , you are free to do so . It also doesnt matter to your landlord whether or not you have renters insurance . A renters policy doesnt cover damage to your apartment building or to your landlords property . Your landlord will protect himself with his own insurance policy . Since you dont cover your landlord at all with renters insurance , he wont ask you to buy it before renting out the apartment . While renters insurance is not a requirement , it is often a good idea . If your apartment is robbed or destroyed in an accident , you will need to replace all your belongings on your own . In addition , if someone gets hurt in your home , you as the renter are liable . The injured person could sue you and force a costly settlement . Renters insurance covers you in both these costly situations . When you own one of these policies , you protect yourself from the financial risks of owning an apartment . "
How Much Does Non Owner Auto Insurance Policy Cost? ,"The cost of a non-owner auto insurance policy will depend on your location , your age , your sex , your marital status and your driving record . They can cost as low as a couple hundred dollars per year but there will be a different rate for every driver . They usually cost less than insuring a vehicle for the same driver would cost . "
Do Fixed Annuities Work? ,"You know ... I have a friend who works tireless hours to receive government benefits . One may wonder why he does n't get a job ?! Anyways , there are many moving parts in Fixed -LRB- Indexed -RRB- Annuities . -LRB- FA -RRB- But ` Do they work ' is a tad broad . Here are a few questions you may want to know , before moving forward with a FA : - Why are you thinking about a FA ? - What do you wish to accomplish ? - Do you need income now , later , forever -LRB- so long as you shall live -RRB- - with a spouse , or it for something else ? - Is liquidity -LRB- without penalty -RRB- an immediate concern ? - Is long term growth with protection of principal your primary goal ? Get where I 'm going with this ? In the world of FAs , there are many moving parts and many options . Did you know that Texas and Florida are the only two states in the US that have added protective benefits , built into annuities ? Point being , a good Agent / Advisor will take the time to do a thorough needs analysis to determine what you seek , if a FA suits your needs and if applicable show you two or three options and let you choose what YOU believe is best for you . Just my two-cents ! "
How Much Does Medicare Pay For An EKG? ,"Medicare will cover an EKG in one of two scenarios : 1 -RRB- When you 're new to Medicare , Medicare will cover an EKG screening with a referral from your doctor as a result of your one-time `` welcome to Medicare '' preventive visit . 2 -RRB- The other scenario is when your doctor orders it for diagnostic purposes . An EKG is covered under Medicare Part B. Medicare will pay for about 80 % of the costs after the Part B deductible is met -LRB- $ 147 in 2014 -RRB- - you would be responsible for the other 20 % and the Part B deductible . When you first enroll in Medicare Part B , you open your 6-month initial open enrollment period to buy a Medicare supplement plan -LRB- a.k.a. Medigap plan -RRB- with NO MEDICAL UNDERWRITING ! . A Medigap plan can cover the deductibles and a portion or all of the other 20 % of expenses covered by Part B and features a number of other big advantages as well . An experienced broker can help find the plan that 's most suitable for you and your budget . Please let me know if I can be of help . Thanks very much . "
Can You Get Life Insurance If You Are Ill? ,It is very hard to get a good rate when your health is bad . But it is possible to get Insurance even if you have certain illnesses . There are companies that offer guaranteed issue policies that do n't ask a lot of health questions . The severity of your illness will greatly affect your ability to be insured . If you have been diagnosed with a life threatening illness or if you are currently hospitalized it may be nearly impossible to get insurance . 
What Happens If I Cancel My Term Life Insurance? ,"If you cancel your term life insurance policy , your policy simply ends . Since there is no cash value , you will not get any money back , and there are no monetary penalties for cancellation of term life insurance . If you want coverage in the future , you will have to reapply for a new policy . "
Why Invest In Life Insurance? ,"There are considerations in contributing to life insurance , first and foremost in client suitability . Permanent life insurance is a long term commitment , with early illiquidity issues . If the policy is kept in force for the life of the insured , there can be substantial tax benefits and positive ramifications for Social Security benefit taxation . There are four permanent life insurance policies to consider based on risk tolerance and long term premium commitments : Participating whole life with maximum term life insurance and paid up addition riders can provide a conservative tax advantaged return based on the portfolio of the life insurance companys predominate bond holdings . Current assumption universal life also an interest rate crediting method as well . Indexed universal life uses domestic and foreign indices as its primary crediting method . Variable life insurance uses equities and bond allocations to subaccounts and is subject to market losses . "
Does Term Life Insurance Run Out? ,"PIP coverage - personal injury protection - is a required , optional coverage here in Texas . This means that if one elects not to include it on their auto insurance policy , that the coverage has to be rejected -LRB- rejecting the coverage requires the insured to sign a document noting that PIP coverage was offered and that the insured does not wish to obtain PIP coverage and is rejecting this coverage -RRB- . If one does elect to reject PIP coverage , it can always be added on the auto insurance policy at a later date . Contact us at 469-206-8048 and we 'll be happy to review your situation . Or you can e-mail me at WEBSITELINK . "
Can I Get Short Term Disability Insurance? ,"Assuming you are healthy , working and generally younger than age 65 , yes you should be able to secure disability insurance coverage . But before you start shopping for short term disability insurance you may have it already in your employer group benefit plan , so talk to your human resource department to find out . If you decide to shop for short term disability insurance , keep in mind that there are really only about a dozen disability companies worth reviewing . You can divide them into two categories : blue and white collar vocations . Once you identify your category the companies to review are few . We can help with that . "
Does A 401K Count As A Retirement Plan? ,"Yes , a 401K would count as a retirement plan , but ideally it will be supplemented by other vehicles as part of a complete retirement plan . 401 -LRB- k -RRB- s are qualified plans which means the money goes in pre-tax and is tax-deferred until it is taken out in retirement . 401 -LRB- k -RRB- s limit the amount of contribution and there are penalties if the money is accessed before the age of 59.5 . The funds saved in a 401 -LRB- k -RRB- are tax - deferred which is good , but it might not be your best option if you are in a higher tax bracket at retirement . Depending on how your 401 -LRB- k -RRB- is invested , there may be market-risk to be aware of as well . A 401 -LRB- k -RRB- can be an important part of a retirement plan , but it would be best to only contribute up to the company match and use a tax-free option or different vehicle to save above the company match . "
What Happens To Life Insurance When You Divorce? ,"Divorce creates difficult life insurance situations , particularly when spousal or child support is involved . It is very important to insure the life of the person providing the support , however , it is best to own and pay for the insurance . Another area of great concern is employee benefits . The beneficiary designations are often overlooked and when the employee dies the current spouse is surprised to learn that all the payments go to the former spouse . "
What Does It Mean When A Life Insurance Policy Is Assigned? ,"The pledge or assignment of all or some a life insurance policy might be made as collateral security . The policyowner has the right to do this . There are many scenarios and planning techniques in which assignments are made . To the extent that some amount of the death benefit was assigned to a third party , that party would receive that amount as a death benefit if death occurs during the existence of the agreement . Normally the assignment would be revocable meaning the policyowner can cancel the agreement at some point . But some estate planning methods involve irrevocable assignments . Policy assignments are also part of the process when a policyowner exchanges one life insurance policy with another . In order to ensure there is no gap in coverage during the process , an absolute assignment of the existing policy to the insurer that will issue the new policy is made . Completion of an exchange agreement with the insurer that will issue the new policy follows and then the new policy is issued before the old policy is surrendered . "
What Kind Of Damage Does Homeowners Insurance Cover? ,Moderns standard issue Home Insurance policies provide coverage for a very broad range of perils . It is important to discuss the particular terms and conditions of your policy with your Insurance Professional . For the most part you will find that there are two very common perils for which a Homeowners ' policy would provide no coverage . These two are Earth Movement and Flood . Coverage for earth movement may be able to be endorsed onto your policy but flood coverage is only available by the purchase of a Flood Insurance policy . 
Can You Rent A Car Without Insurance? ,You may be able to . This is going to depend on the rental car agency that you are renting your vehicle from . Most rental car agencies are going to require that anyone renting a vehicle either have their own insurance coverage or purchase coverage through an affiliate company that provides coverage to patrons renting vehicles . 
How Old Should I Be To Get Long Term Care Insurance? ,"Most advisers begin addressing long term care insurance to their clients around age 50 . But the purchasing trend of long term care appears to be around age 60 . However , if youre family has a predisposition to disease , chronic hospitalization or nursing home confinement when theyre old , you may want to consider long term care insurance when youre young and healthy . "
How To Search For Unclaimed Life Insurance Policy? ,"That is a great question ! There are several good ways - the first being to see -LRB- if you have access to the deceased 's financial records -RRB- if there have been regular payments to a financial company or institution . That may bea sign of a premium payment . Contact the deceased 's employer , and see if there were records of a policy through the benefits package ; Contact your State 's department of unclaimed property , and it will cost you a few bucks -LRB- $ 70 ? -RRB- but you can contact the Medical Information Bureau -LRB- MIB -RRB- they have a search engine that can look for your missing policy , if it exists . I hope that helps , if you need more , please feel free to contact me , okay ? Thanks for asking ! "
Who Sells Long Term Care Insurance In Missouri? ,"To find who sells long term care insurance in Missouri , you can put in those words on an internet search engine , and a number of good choices will come up in your search results . There are Long Term Care brokers , or else agencies that sell Health or Life insurance also can be contacted to see if they sell Long Term Care Insurance . Many of the contributors to this website sell LTCI , including our agency , and would be happy to assist you . "
Can My Employer Take Out Life Insurance On Me? ,"Yep . Are you a key employee ? Perhaps you are an executive with a high level of responsibility . Perhaps you are a technician with specialized expertise . Perhaps you are a sales person who brings in a significant amount of revenue . In all these cases , your loss would probably create big problems for your employer . Employees might lose morale . Clients might fear an interruption in service . Vendors might worry about getting paid . But if your employer had life insurance on you , then they would collect sufficient money to keep moving forward . To get everybody paid . To continue service . To hire a capable replacement . Many businesses fall apart because the key person tragically dies , and they can not recoup from his or her loss . However : with sufficient life insurance coverage , the show can and will go on . "
How Long Does It Take To Get Health Insurance? ,"The answer will depend upon whether you are talking about group health insurance or individual health insurance . Employers have a certain degree of flexibility in establishing a waiting period before a new hire can become eligible to enroll in the company 's group plan . Under the provisions of the Affordable Care Act -LRB- ObamaCare -RRB- now in effect this waiting period should not exceed 90 calendar days from your date of hire . So , this establishes a maximum waiting period under an employer based plan but the employer can choose to have a shorter waiting period . If you are applying for individual health insurance during the open enrollment period or following a change of life status event it will depend upon when you have submitted your enrollment form . If your enrollment form is received on or before the 15th of the month your coverage should go into effect on the first of the next month -LRB- e.g. - February 10 submission would be for a March 1st effective date -RRB- . If your enrollment form is received after the 15th of the month your coverage would become effective on the first of the following month -LRB- e.g. - February 18th submission would be for an April 1st effective date -RRB- . "
Why Create An Irrevocable Life Insurance Trust? ,"An irrevocable life insurance trust -LRB- ILIT -RRB- is a legal document set up to distribute life insurance proceeds in a specific manner , depending on how the trust is designed . ILITs receive special tax consideration from the IRS that is not given to life insurance policies that would otherwise be owned by a natural person or revocable trust . Since the trust is irrevocable , the terms of the trust can not be changed -LRB- think of it like putting the contents in a vault and throwing away the key - it ca n't be opened til the insured dies -RRB- . An ILIT can offer many substantial advantages to protect life insurance proceeds . It can also help you distribute your property to your children at the least possible cost . If you have a taxable estate , you have a choice - pay the tax with your own money or pay only a fraction of the tax and use someone else 's money to pay the rest . If you want to use someone elses money to pay the tax , you can buy a life insurance policy . The type of life insurance policy will depend on the specific circumstances , but is usually a survivorship universal life policy if used for estate tax purposes . The life insurance policy may be secured for pennies on each dollar of tax that you owe . By putting the life insurance policy in an irrevocable trust , the proceeds become available to pay taxes due upon death . A life insurance policy that you purchase will require the same premium whether you put the policy in the trust or keep it outside of the trust . If you put the policy in the trust , the death benefit is not included in the calculation of the size of the estate . This is a huge tax savings , especially if the proceeds are several million dollars . If you keep the policy outside of the trust -LRB- e.g. , as owned by a natural person or a revocable trust -RRB- , the proceeds will be included in calculating the size of the estate potentially increasing the size of the estate by a big margin , and you may therefore have to pay much higher estate taxes before any of the property can be distributed to your children or other beneficiaries . "
What Is Guardian Life Insurance Company? ,"Guardian Life Insurance Company of America is a mutual company based in New York City , New York . They also have regional offices all across the northern states , from Washington to New York . Rated A + + by AM Best , Guardian Life Insurance Company has several subsidiaries , including Berkshire Life Insurance Company of America . "
Is Life Insurance Mandatory? ,Is life insurance manditory ? Not in the same sense that health insurance will be next year . You will not be required to carry life insurance or face tax fines if you do n't . What this question brings up is should you carry life insurance ? My answer would be yes if there 's someone who cares enough about you to deal with your things when you 're gone . Do n't compound your loss to them . 
Does Life Insurance Require A Credit Check? ,"Not all life insurance companies require a credit check , but it is a present trend in the industry . Youre ability to pay bills on time may reflect your ability to pay premiums on time . Some products , like guaranteed universal life may be time sensitive with scheduled premium events . Its important to know youre the companys procedures if your credit score is questionable . "
Is It Legal To Require Renters Insurance In North Dakota? ,A landlord at their discretion can require renters insurance as part of the rental agreement . If you do not wish to purchase renters insurance you have the right to look for housing from a landlord who does not have this requirement . The landlord is not breaking any laws by making renters insurance a requirement of the rental agreement . 
How Much Does Universal Life Insurance Cost? ,"The answer to this question is the same as for all types of life insurance . It depends on the amount of coverage , the age and rate class of the applicant , and what you want the policy to do . The unique nature of universal life allows for a range of premium , which provides a bit of flexibility not easily duplicated in other types of permanent life insurance . "
Is Medicare Part C The Same As Medigap? ,"Medigap and Part C are not the same . Medigap is supplemental coverage to your Original Medicare Part A and B . You do n't have to buy a Medigap Plan , it is optional . Many people , however , use the Medigap Policy to help cover the 20 % of Medicare approved costs not covered by Part A and B. Medicare Supplement insurance is private insurance in which you pay a premium every month . You are allowed to visit any provider who accepts Medicare . Part C is called a Medicare Advantage Plan . It acts like an HMO or PPO , so you are restricted to using network doctors . This type of Plan combines Part A , Part B , and usually Part D -LRB- drug coverage -RRB- . It 's important to note , if you join a Medicare Advantage Plan , you do n't need and ca n't be sold a Medigap Policy . In other words , you ca n't buy a Medigap Policy to supplement your Part C -LRB- Medicare Advantage Plan -RRB- . Thank you for taking the time to read my reply . Please let me know if I can be of further assistance . "
Does Homeowners Insurance Cover Sewer Line Replacement? ,Usually no . . however some insurance companies will allow you to add a `` service line '' endorsement that could provide coverage for a sewer line . Typically it will only cover the portion that runs through your property . 
How Many Annuities Can I Have? ,"The simple answer is yes with this short caveat to follow : A tax deferred annuity is a mortality insurance product . Each annuity company has limitations on the guaranteed death benefit risk theyre willing to underwrite . So , several companies could each issue policies up to risk limitations on one life . "
Am I Covered On My Girlfriend's Auto Insurance Policy? ,"You should be added as a driver on the policy . The insurance companies require that all household members need to be added to the policy . The agent is technically correct in saying that you would be covered as long as you have permission to drive the vehicle , but by not informing the insurance company that you are a driver in the household , he is knowingly committing insurance fraud . Adding you as a driver will likely cause the premium to increase , mainly due to the fact that you have no prior insurance . Even so , it is in your best interest to be named on that policy . This will also you help you if you are ever looking for a new insurance company in the future as you will be able to show that you carried prior insurance . I hope this answered your questions and good luck ! "
How Do You Say No To A Life Insurance Salesman? ,"Do not beafraidto tell any insurance salesman , No ! Honestly almost all agents will appreciate you telling them no , rather than avoiding them . If they give you a hard time just let them know you were testing them to see their true character , and you are glad you told them no . -LRB- wink wink -RRB- "
How Long Does It Take For Disability Insurance To Kick In? ,I believe you are asking when the disability insurance benefits begin . All disability policies have a waiting period called the elimination period . This can be found on the declaration page in your policy . The elimination period is the period of time between a medical diagnosis of the disability and when benefits begin to pay to the insured . The most common elimination periods are 30-60-90-180-360 days . 
Who Has The Best Permanent Life Insurance? ,"There are different types of permanent insurance : Whole Life , Universal Life , Indexed Universal Life , and variable products . Then there are variations to each of these . Every product is designed to work best for a specific type of person , and specific purposes . The best way to know which is the best for you is to contact an agent , explain your goals for your policy , tell them your health details , and let them shop for you . You are going to have this policy for the rest of your life . Consult a professional and get one that accomplishes your goals at a cost that you can afford . "
Is Life Insurance An Indemnity Policy? ,"No , life insurance is not an indemnity policy . The concept of indemnity insurance does n't apply to life insurance . Indemnity policies pay for actual economic loss up to a stated maximum in the policy . The claim needs to be proven by the policy owner . In life insurance , the amount of the actual economic loss is not relevant . When the life insured dies , the insurer is required to pay the total death benefit amount specified in the policy . "
What Are The Functions Of Having Disability Insurance? ,"As Tim so aptly described , the function of Disability Insurance is simply to pay you when you are unable to bring home a paycheck . While Disability Insurance itself is a very straightforward product , there are many features and riders to DI that perform different functions . E.g. Having the `` own occupation '' feature will enable you to receive payments if you can not work at your OWN job . Without it , you may be ineligible for benefits as long as you can work at ANY job . So when you got to buy Disability Insurance , do use a professional who can help you get the policy that performs best for your needs . "
Does Disability Insurance Cover Death? ,"Some Disability Insurance policies will pay a survivor benefit if the insured person dies . This can go to a surviving spouse or children . Certain conditions must be met for this benefit go kick in . However , Disability Insurance is primarily designed to make payments to the insured person while they are still alive , but disabled . Life Insurance is what covers death . "
Is Health Insurance The Same As Medical Insurance? ,"Yes . Medical insurance is simply another name for health insurance - commonly seen in articles , referenced in discussions , and other times these names are mentioned . I hope the input is helpful - please feel free to contact me for help and if you have any other questions . Thanks very much . "
Will Homeowners Insurance Cover A Broken Window? ,"Yes , unless it is specifically excluded . What I mean by this is homeowners coverage applies to the house as a whole and will only indemnify you if a covered peril occurs . However , you really need to look at your deductible before you file a claim . If the cost of replacing the window is less than your deductible , then you should just pay for it out of pocket . In summary , start with the cost of your deductible versus the cost of replacing the window . If it is worth it to make a claim then make sure windows are not specifically excluded . "
Can Deferred Annuities Be Surrendered? ,"Any annuity can be surrendered . The question is at what cost , if any , will the surrender trigger a surrender charge , a taxable event or a pre age 59 penalty . And if the annuity is in a qualified plan , there may be other exit costs associated with the surrender of the policy . "
Why Would You Purchase Life Insurance Rather Than Annuities? ,They meet different needs . It depends on your needs . For pennies on the dollar life insurance insures against not living long enough while annuities insure against living too long . Life insurance provides a normally income tax-free death benefit that can replace lost income while an annuity death benefit is subject to income tax . 
What Kind Of Homeowners Insurance Do I Need? ,"In general , a comprehensive `` all risk '' Homeowners Policy will provide the broadest coverage . I would suggest that there are certain key elements to look for when comparing proposals . Check the dwelling amount . Is it accurately reflecting current reconstruction costs in your area ? Look for a `` Replacement Guarantee '' for both your home and personal belongings to make sure that if you do suffer a loss , there wo n't be any costly gaps in coverage . Take a look at the deductible . These days most folks in my area have a $ 1000 deductible in order to control premium . Make sure you are getting the right credits . If you have a central alarm system , that will earn a discount . Some companies offer discounts for a new roof and upgrades in electrical , plumbing and HVAC systems.Finally , look for a good amount of Liability Protection , usually $ 300,000 . Keep in mind that a Homeowners POlicy does NOT provide coverage for Flood.Every home is in a flood risk area , it just depends upon the level of risk . You will need to look for a Flood Insurance policy to protect you.Ask your Insurance Professional . "
What Is The Best Medicare Supplemental Insurance Plan? ,"The best Medicare supplemental insurance plan in your state is one that matches your needs and budget . Medigap insurance rates vary considerably by zip code , age , tobacco use and plan . The older you are the higher your Medicare supplement rate will be . The exception is for those who are under age 65 and on disability and Medicare . In most states rates for under age 65 are astronomical . Many carriers offer competitive rates from age 65 to 74 . Above age 74 some plans -LRB- surprisingly -RRB- become more competitive while others less so . Tobacco use often adds 20 % to the rate but can be more , depending on the carrier . Plan F is the most expensive -LRB- and most popular -RRB- followed by D or G -LRB- depending on your state -RRB- , N then Hi F which is the least expensive . You can generally find a site that offers `` instant Medigap quotes '' but keep in mind the most competitive rates are usually not illustrated online . #GeorgiaMedigapPlanRates #GeorgiaMedicarePlans #GaMedigapQuotes "
Will Health Insurance Pay For A Nose Job? ,"Only if it is deemed a medical necessity , and even then the insurer may require a second opinion . Health insurance will not cover a noise job that is being preformed for cosmetic reasons alone . If the noise job were to correct a breathing problem such as a severely deviated septum that resulted in potentially serious complications such as sleep apnea then it would be a qualified medical expense . Also if the nose job was a reconstructive procedure following a serious accident that seriously damaged a individuals face then again yes . "
Can You Have More Than One Life Insurance Policies? ,"Yes , you can have two or more policies , as long as you qualify financially for the total amount of coverage . Some mixed families take out two policies , rather than have their biological children and stepchildren have to split the same policy proceeds . Or , they take two policies so their divorced spouse has a different policy than their current spouse . Those who own business policies may need to keep them separate from personal policies for tax reasons . Sometimes having two policies is better than one , because the death benefit will be covering two completely different types of needs . E.g. . You might want a small policy to cover your funeral expenses , which would necessitate some type of permanent insurance . But you might also want a larger policy to pay off your mortgage , and 10 year Term -LRB- which usually costs much less than Whole or Universal Life -RRB- may be a much more economical choice for that particular need . "
How Much Does A Whole Life Insurance Policy Typically Cost? ,"The simple answer to this question is : It Depends . :-RRB- It depends on a variety of factors , including : How much death benefit you would like . Your health status . Your age . The company you would buy it from . The features you would elect inside the policy . There are several types of Life Insurance coverage for a person to choose from , each with its own features and own purpose . In general , for a stated amount of death benefit coverage , monthly or annual premiums for a Whole Life policy are higher than a Term Life policy , but it would be faulty to compare those types of policies just based on monthly premium . Do n't make the mistake of comparing those types of policies just based on monthly premium . Speak with a knowledgeable professional about your goals and how life insurance may fit in so that you can make the best decision for your situation . "
How Do You Qualify For Term Life Insurance? ,All life insurance policies require some underwriting information . It could be as simple as a couple of question to as complex as medical tests . The purpose of the medical information is to determine if you fall within the range of health that was anticipated by the actuary when the standard insurance premium was determined . Of course the companies are much more cautious when large amounts of insurance are involved . 
Can A Life Insurance Claim Be Denied? ,"If a policy has been applied for honestly and issued according to best underwriting practices , then this is probably not a possibility . There are circumstances , however , that could cause a denial . Policies are commonly issued with a `` contestability period '' which is usually 2 years from the date of issue . Simply stated , if an applicant willfully misleads , misrepresents or deliberately withholds material information from an insurance company during the application and underwriting process , then if that person dies during the contestability period , it is possible for a company to deny benefits . "
Can Disability Insurance Be A Business Expense? ,"The answer is yes , no and maybe . Yes , it can be tax deductible if the business owner purchases a Business Overhead Expense policy or BOE . This policy is specifically designed to pay bills and payroll not the owner direct . For this reason a BOE policy is tax deductible . On a straight disability income policy yes you can set it up with the help of your accountant to have the business pay the premiums . In most cases you do n't really want to do it that way . If you pay premiums with post tax dollars then benefits are tax free . If you pay premiums through the business then your benefits would be taxed as income . Think of it as do you want to pay taxes on the seeds or the harvest ? The premiums are much smaller in comparison to the benefits received there for a lot less tax will be paid . "
Why Should You Have Disability Insurance? ,"You will need disability insurance to protect your most valuable asset , your ability to earn a living . Unless you are independently wealthy with a residual income and no debt , chances are you need disability insurance . Disability insurance replaces the income lost due to an unforeseen injury or illness preventing you from being able to work at your current occupation . "
How Much Extra Is Business Car Insurance? ,"This depends upon what you mean by `` Business Car Insurance . '' If you are asking about insuring an automobile with a business auto policy , those are typically more expensive than a personal auto policy . If you are asking about insuring a company car , then that should be handled by the business providing you the automobile . The company should look into endorsements covering other drivers , in case your family members living in the house use your company car . If you are asking how much it costs to insure a company car on your personal auto policy this is not really an option because you do not have a valid insurable interest in the car . What I mean by this is the company owns the car and is getting a benefit from letting you use it , so your only interest is not paying for a car , which is not an insurable interest on your part . I hope this helps ! "
How Much Is Geico Life Insurance? ,"Geico life insurance is written through non-affiliated life insurance companies and is secured through Geico Insurance Agency , Inc. . Therefore , Geico offers life insurance from a number of different life insurance companies at a variety of prices . You can get free life insurance quotes from any number of websites . By choosing one that gives `` instant '' quotes you will get your rates without having to talk to anyone . "
Why Fixed Annuities Are Good? ,Annuities can be an extremely useful retirement tool . However they are often sold inappropriately . Fixed annuities arewell suited for providing a predictable income stream overan extended period of time.Every case is going to be different . A fixed annuity in combination with social security and otherinvestments can provide a balanced approach to retirement planning.Before you buy any high dollar insurance or annuities you should consult with your advisors . 
How Much Should I Get For Renters Insurance? ,"That 's an interesting question - do you mean how much coverage do you need to purchase to ensure the value of your belongings are covered adequately , or how much should the policy have paid out to you after your claim was processed ? In the case of coverage , you would need to have an idea of how much value there is to be insured . For example , do you have a lot of electronics , or jewelry ? If so , you would need more coverage than someone who has very few of those things . If you meant how much should you have received , that depends on a lot of things specific to your policy and claim . If you would like more information , I 'd be happy to help , just contact me . Thanks for asking ! "
Who Offers Annuities? ,"There are many financial institutions and insurance companies that offer this sort of product . If you have a local agent for you home and auto coverage , call them . Your local agent may handle annuities currently and they will be able show you the pros and cons of what he would have available and if he/she does not handle these they may be able to refer you to someone that does . "
What Percentage Do Annuities Pay? ,Non-qualified deferred fixed interest rate annuities are paying an average of 2.75 % for five years guaranteed and 3.00 % for ten years . The spread between the two annuity rates is 25 basis points for twice the spread in time . Most advisers would not recommend locking down the ten years rate for an extra 25 basis points . 
When Does A Life Insurance Policy Become Effective? ,"The timing of life insurance becoming effective depends on a few things . If you apply for life insurance and submit the minimum initial premium with the application , the company 's `` conditional receipt '' will determine when the coverage begins . Each company 's terms will be a little different . If you applied for the insurance without submitting any premium , the coverage usually would n't begin until after the application is approved and you submit the initial premium . "
How Can I File A Complaint Against An Auto Insurance Company In Illinois? ,"Yes you can , all you need to do is contact the state department of insurance -LRB- also known as the insurance commissioners office -RRB- . If you are an IL resident , you can file your complain with the IL department of insurance . If you are not an IL resident , you would generally file the complaint with your state 's department of insurance . If this is insurance you own , then the insurer is permitted to do business in your state and is bound by your state 's insurance laws , and your states department of insurance will help inforce the state 's laws . "
What Is The Difference Between Whole Life And Variable Life Insurance? ,the simplest way to think about it is that variable life policy 's allow you to chose how much your premium payment will be and where the money will be invested . on the other have a whole life policy will have a fixed premium and a fixed interest rate . there are pros and cons to explore with each type of policy . I hope that helps . . 
Is It Possible To Buy Cheaper Health Insurance Than My Company Offers? ,"Yes , it is possible , but you should really work the math out on the situation first . A person has the right to waive coverage from an employer if they wish and seek other coverage on their own . But you should also be aware that you may be giving up advantages that belonging to your employer 's group will bring . First , they may be paying all or some of costs for you . If you were to waive coverage , you may very well be leaving that money behind . Even if you employer gave you the money , you would pay income taxes on it , when currently you do n't . You may also have your contributions for health insurance at work be taken before income taxes are applied , which also saves you money and is n't available for the individual buying their own plan . In most states right now plan designs for individual coverage offer much less in the way of plan benefits . Group plans usually offer a good blend of benefits compared to individual plans . It will come down to what you want for benefits . It can be cheaper to buy your own coverage , but usually not apple to apple when you pencil it out . . "
How Quickly Can I Get Auto Insurance? ,"The process of getting a quote on auto insurance is brief . To turn the quote into a policy takes a little more time but the whole transaction can be done in less than 20 minutes . In many cases all you need is your name , birthdate and address . The insurance company can often detect the description of every car in your household and the names and drivers information on ever resident . Retrieving MVRs and losses is also quite mechanized now . "
Is Life Insurance Federally Taxable? ,Life insurance proceeds are generally paid to the policy 's beneficiaries tax free . But proceeds that are left in the estate of the beneficiaries could be subject to estate taxation on the federal and state level if the total assets -LRB- including the life insurance -RRB- exceed the unified credit or state exemptions . 
When Should I Drop Life Insurance? ,"It ultimately depends on your personal situation , but there will always be a need to have life insurance coverage -LRB- such as income replacement for your spouse , burial expenses , fees for the handling of your estate , leaving a legacy to your loved ones , etc. - using life insurance to provide income for your spouse after you die is a major need for coverage that is often overlooked -RRB- . You may simply need to change the amount of total coverage you have in force as your needs change , but you will most likely need to have some level of coverage in force forever . The most common type of life insurance that gets dropped is term insurance . The reason usually being that the term period on the policy is expiring/has expired and the premiums start increasing . When this happens , people usually buy a new policy to replace the old term policy to save money on their premiums . If you 're unsure about what to do for your specific circumstances , speak with an experienced broker who can help you determine the best course of action for your specific needs . I hope the information is helpful - please feel free to contact me for further assistance and if you have any other questions . Thanks very much . "
Does Renters Insurance Cover Water Damage? ,"The fundamental question about water damage is the source of the water . If the water is entering the unit as the result of flood , the renters policy excludes coverage . If the water is entering the unit because of a burst pipe in the wall , the renters policy will cover . There is a special situation that needs clarification , sewer backup . If the water is coming into the unit through the sewer it is usually excluded , however , coverage can be purchased for a nominal price . "
Does Home Insurance Cover Septic System? ,"Sometimes . It really depends upon the terms of your insurance contract . If a covered peril occurs -LRB- e.g. explosion -RRB- and it damages your septic system or a pipe leading into your home from the sewer that could be covered . In this instance you will have to peruse your policy for a specific exclusion to septic/sewer damage to see if your claim will be denied . If your septic system just stops working , however , there is no coverage for this . Normal wear and tear or just age is not a covered peril . That could be a warranty claim against the manufacturer . I hope this helps . "
What Happens If I Die Without Life Insurance? ,"There are three basic people groups that may suffer economic loss at your demise based on your financial liabilities , future obligations and charitable organizations that depend on your contributions : family members , business partners and non profit organizations . Those three people groups constitute your potential beneficiaries . Purchasing life insurance is a stewardship issue of the highest financial commitment . "
How To Contest A Life Insurance Beneficiary? ,Traditionally one can not contest the beneficiary of a life insurance contract . The beneficiary designation is chosen by the contract owner and can only be changed by the contract owner . The contract is a private arrangement between the insured and the insurance company and the chosen beneficiary is up to the owner . 
Does Allstate Have Health Insurance? ,"Allstate does not underwrite and issue health insurance under their own brand . It is quite possible in your state that they have a marketing arrangement with a health insurance carrier that will actually underwrite , issue , collect premiums and pay claims . Your Allstate agent may or may not be well versed in health insurance options . You should always consider using an independent agent that specializes in health insurance plans . "
Does Term Life Insurance Require A Medical Exam? ,"It depends on the carrier , your age , and the amount of insurance . There are some carriers that require exams and others that just ask a handful of medical questions . In many cases , the less questions asked , the higher the premium is for the same coverage . In most cases , if the coverage is more than $ 250,000 of coverage , you WILL need an exam . "
Which Employer Has The Best Retirement Plan? ,"There are many employer sponsored defined contribution plans available for companies to choose . But from the point of view of the employee , 401 -LRB- k -RRB- plans with employer matching contributions to 6 % of your salary base is excellent . When considering a job , consider the employer match , it 's free money and can make a difference later in retirement . "
Does Drug Use Void Life Insurance? ,"Outside of the application process , no in most cases , unless other wise specified within the policy . If a person passes from drug related issues after purchasing a policy , the company will pay ... Unless , there is a recorded history of drug use prior to the application and the applicant does not disclose this during the underwriting process . After two years this may be a moot point as the contestability clause would prevent the insurance company from refusing to pay . However , not all states have adopted this clause . The clause could be shorter or depending on the state , not applicable at all in cases of insurance fraud . "
What Is The Best Health Insurance In Germany? ,"In 2007 , health insurance reform legislation -LRB- No ... Not Obamacare ! -RRB- was passed in Germany . It is now the law that citizens must obtain basic hospitalization coverage along with several other benefits including outpatient care . Maternity is one of the `` essential benefits '' also required . In early 2015 , more reform legislation was passed to reduce consumer costs . So . . back to your question ... You can purchase government-provided coverage -LRB- GKV -RRB- or buy a plan from a private insurer -LRB- PKV -RRB- . You can also elect a hybrid combination of both . If you have a high household income , private coverage is the likely result . Owning your personal plan will allow you to better customize the benefits you want . For example , you may not need a low deductible if you have no health issues . Or , if you take an expensive medication , you can choose a plan with lower drug out-of-pocket expenses . "
How Can Annuities Be Used For Retirement? ,"Annuities are used for retirement as a source of regular income . Your annuity is tax deferred until you take out payments . The contributions you put into an annuity are not taxed , and the earnings are taxed at your tax rate during retirement . Therefore , they can be a tax favorable way of earning supplemental income during retirement . If you take out an immediate annuity , you contribute a lump sum and can begin to take out regular payments nearly immediately . A deferred annuity allows you to make payments into it over a number of years , then annuitize the annuity to receive regular payments . These payments are generally used to add to Social Security benefits and other income during retirement . Variable annuities make your annuity more of an investment , with the risks that come with variable products . Indexed annuities also allow for more growth but protect the original contribution . "
What Is The Best Way To Shop For Cheap Life Insurance Rates? ,"There are many different opinions and options for this question . You can go to one of the many quote sites that will give you an idea of cost , however life insurance is one of those subjects wihich many people think they understand well , but do n't . Find an agent that you trust , either from a friend or through your own research . A good agent will give you options to consider that you may be unaware of , and you can benefit from that expertise without cost . "
When Should I Get Term Life Insurance? ,"This really depends on your specific situation . However , term insurance cost the least amount when you are young and healthy . Another factor to consider is that generally , the older you get , the more health problems you accumulate . Many clients have health concerns that will not allow them to purchase insurance . Unfortunately , when many clients encounter health issues in their lives it causes them to consider purchasing life insurance . Depending on their specific health situation , they might get coverage but usually at a higher rating . "
Does Whole Life Insurance Have Cash Value? ,"Whole life insurance can accumulate cash values . Participating whole life can accumulate additional cash values if thepolicyis designed with amaximumterm rider and a paid up additions rider . This tactic could be part of a long termstrategyfor savers.Dividendsup to basis can be withdrawn tax free and policy gains through policy loans . Keep in mind that policy loans charge use a spread loan interest rate and afewcompanies use a more expensive , direct recognition policy loans . The big caveat here is that the policy must be kept in force for the life of the insured . If the policy was surrendered , all gain in the policy via loans , distributed and internal , would be subject to ordinary income tax . "
Does Homeowners Insurance Cover Wind Damage? ,"Homeowners insurance comes in different forms ; in most States , if you have a Form HO3 -LRB- Special Form -RRB- or a Form HO5 -LRB- Comprehensive Form -RRB- , Wind damage is covered to your dwelling , other structures and personal property . If you have incurred damage as a result of wind , it is important to protect the structure from further damage immediately and file a claim with your insurance carrier . If you are not sure whether to file a claim and need advice , you should contact your insurance agent and discuss the options , size of the claim and prior claims activity that you may have had within 5 years . The policy deductible will apply to the claim , in many States , you will have a separate Wind deductible which may be expressed in the form of a percentage of the coverage section being claimed against . For a homeowners insurance quote , you may click here : WEBSITELINK "
How Long Have Annuities Been Around For? ,"Shockingly , a type of annuity was discovered in Egypt in 1700 BC . In 562 BC there is a passage in the Bible referring to a form of annuity . By the second century Roman soldiers were given a life annuity for service to the empire . For the next millennium , churches and monasteries used life annuities . In 1693 , Sir Edmund Halley , created the first mortality tables based on age for life annuities , the basic acturial science we use today . Nothings new under the sun . "
What Is Auto Physical Damage Insurance? ,"There are two elements of coverage provided by physical damage . The collision element will pay for damage to you vehicle involving an accident with any object that a normal human being can not pick up and move , except Superman , Hulk and Iron Man -LRB- if he has fuel -RRB- -RRB- : A strong farmer , like my grandpa , could move a dead deer , dog , cow , horse or bird so therefor he would collect under the fist element of coverage call comprenshive . comphrensive is the really good stuff for it has been broadened to cover almost any risk of loss except collision with objects . Comp , as we in the profession call it , provides all risk -LRB- any type of loss -RRB- except war and maybe nuclear attack ... oh do n't forget the felony exclusion thingy , it will bite you in the butt . "
Can You Get The Cash Value Of A Life Insurance Policy? ,"Yes , you can get an illustration to show how much cash value is in your life insurance , by simply asking the company through which your policy is issued . Or , if you want to spend the cash value , you can take out a loan from your policy , or cash the policy in . If you take a loan against it and then pay it back with interest , you will maintain the death benefit of the policy . If you cash it in , or surrender the policy , you will not longer have any death benefit protection . "
Can I Ride A Snowmobile Without Insurance? ,"It depends on your State 's requirements for carrying liability insurance for snowmobile operations . Some require it and others do not . Check that out first , if you are really willing to drive one , without covering yourself for liability exposure . Check out the terms and circumstances where coverage is required . Regardless of whether or not your State requires it and under what circumstances ... for example , in NY , you may only need coverage if you are riding on public property ... you would be wise to check with several local insurance agencies , to determine the cost of obtaining snowmobile liability insurance . You might find that it is well worth the cost , to cover yourself for damages caused to others . Otherwise , you could be putting your assets at significant risk . Snowmobile accidents can be very nasty and very costly to you if you injure another person or persons and/or their property . "
How To Show Proof Of Renters Insurance? ,"Showing proof of renter 's insurance is fairly easy . You simply ask for a copy of your declarations page -LRB- often used for car insurance -RRB- , whichstates your coverages , effective date and otherpertinentinformation . It is possible that the owner of the building that you are renting -LRB- or apartment -RRB- willwantto see proof of coverage . "
Do I Need Insurance In Addition To Medicare? ,"No you do not need a medicare supplement or medicare advantage plan . That said , your life will be much easier to deal with medically if you do have the above mentioned plans . As Bob mentioned an unlimited 20 % hole in your coverage has the potential to put you on the street . Also , many medical offices are not accepting patients with just medicare anymore as they are being asked to take a financial hit with each medicare patient as medicare does not pay full cost of care for services received . Medicare is a deep discounted program and for many practices the idea of not getting some relief from payments from the other insurance plans just does n't work for them . "
Does Medicaid Take Your Life Insurance? ,"Medicaid does n't actually `` take '' your life insurance . You just ca n't qualify for Medicaid assistance if you have more countable assets than Medicaid allows . In most states $ 2,000 is the total allowed to qualify for Medicaid assistance . Checking and savings accounts , retirement money , cash value of life insurance , etc. all count against you when qualifying for Medicaid . Many people will cash surrender their life insurance to qualify for Medicaid . You can also irrevocably assign it to your funeral home and it will be exempt but must be all used for funeral expenses if you do that . An actual funeral preplan life insurance policy that you purchase from a funeral home is always exempt from Medicaid . "
Can Life Insurance Companies Go Bankrupt? ,In California insurers are required to participate in a fund that acts to keep all the contractual promises made to customers of insurance companies . Each company is assessed to cover the losses when a company gets into financial difficulties . The company itself may leave the market but the individual policies will be picked up by another company in a way that is seamless to the consumer . Sometimes the company remains but the management is changed . 
Does An HIV Test Affect Life Insurance? ,"I specialize in HIV Life Insurance and most of the people I have spoken to think it is always better to be tested anonymously when you get tested because if you test positive then the chances are it will end up in your MIB file forever . As far as a HIV test for Life Insurance if you know your positive then do n't waste your time on a company you know tests for HIV . It is not a requirement for every company . I actually offer a Group Life Insurance policy through a membership that comes with $ 10,000 in life insurance and you can buy-up to $ 100,000 in $ 10,000 increments . It is very affordable and the only requirement is that you work 30 hours or more a week and live in the USA and not in AK , MT , SD , UT VT , or WA CONTACT me for more info "
Does The Car Title Have To Be In My Name To Get Insurance? ,"Technically no , you do not have to own the title of the car in order to insure it . This is based upon the basic insurance premise that you have to have an interest in something in order to insure it . Interest , however , is not specifically defined . For example , you can rent a car , which is in your care , custody and control you can have it covered under your personal auto policy . Or , a business can insure non-owned autos , which covers its employees and their personal autos when being used for business . In summary , you just have to have an insurable interest to insure a car , which does not necessarily mean ownership . "
Do Life Insurance Agents Really Care Or Do They Just Want To Make A Sale? ,"Having been in this business for more than 30 years I have seen many agents come and go . There are , unfortunately , agents who are self centered and just interest in a sale . Check out the agent . Is he or she new in the business ? Sometimes those agents do not have the experience in life to understand what they are selling . Are they independent or do they work for a company as a captive agent ? Sometimes captive agents are being pressured by their sale managers to make a sale regardless of the clients needs especially when they are new . Are they local ? Is there home phone listed on their business card ? Some agents are sent in by a company from out of town . They may have an office phone number listed but no cell or home making it impossible to reach them if you need them of hours . I believe in being accessible to my clients . How pushy are they to make the sale THAT day ? While buying insurance is important , if you are not comfortable with the agent do n't let them pressure you . If they are truly caring then they will allow you time to make a decision and will be ready to answer any concerns about why you ca n't make a decision . Just be honest though . If you have a concern , tell the agent . Do n't just give him a put off . Do they ask questions to help determine what your needs are or are they just peddling policies ? A policy peddler is easy to spot . Not that these answers necessarily disqualifies them about how much they care , it is just some factors to weigh when evaluating your agent . . In my practice we try to help a person determine their needs and what they are trying to do . I look at affordability , family situation , debts , and other factors . I try to help solve problems . I go over the solutions and let the client make the decision , I do not try to twist arms to make a sale . When I make a new client I keep in touch and let them know I care and that if they need me I am there to help them . My clients can always reach me with questions . An agent who is trying to make a commission and does not care about his clients can be easily be recognized by his actions and demeanor and his willingness to work with you . "
Where Can I Buy Car Insurance Month By Month? ,Most insurers allow you to buy car coverage from month to month . You can also pay quarterly and every 6-months and with some carriers ... once per year . They may be an extra fee associated with paying month to month . It may be a bit cheaper to pay electronically out of your checking account . 
Is A Fixed Index Annuity A Good Investment? ,"Like the answer to many things in life , the answer is it depends ; what exactly it depends on is what you hope to accomplish with the fixed , or equity indexed annuity . If you are hoping to establish a life time income that can not be outlived , while protecting your beneficiaries if you pass away prematurely , a fixed index annuity with an income rider will accomplish this . If you want to participate in market growth linked to the S&P 500 , yet be protected 100 % against market declines , this product will accomplish this as well . Lastly , one of the biggest derailments of sound retirement planning is the threat of health impairments , not covered by traditional health insurance . By choosing the proper index annuity , with the proper income rider , the income stream will double , usually for five to eight years , during impairment . You need to talk to an adviser that will recommend the proper annuity and income rider , based on your personal situation . If all of the above mentioned factors are in place , and if they are suitable to you as an individual , the short answer is -LRB- after the long winded explanation -RRB- yes , they are very good products . "
Where Do I Find Affordable Health Insurance? ,"The PPACA or Obamacare as it is popularly known goes into effect in 2014 . You may qualify by means testing for the government assistance that may pay the entire premium or part of the premium . The government is also offering credits to some middle class workers that may offset the premium they owe . So check into the means testing rules and credits before the end of the year . Meanwhile , you should secure a short term medical insurance policy . "
Why Buy Annuities? ,"Product suitability should be a required process of prudence for all potential financial product purchases , including tax deferred and immediate annuities . If your effective tax bracket is high , tax deferred annuities over time can have accumulating advantages , i.e. mid to long term , high tax bracket savers and investors should consider tax deferred annuities . Tax deferred annuities have three basic crediting methods : interest rate crediting , indice crediting and separate sub accounts using equity and bond investments . A risk tolerance assessment needs to be performed to determine your financial profile and product suitability . Keep in mind that tax deferred variable annuities can lose money . "
How Much Is Medigap Insurance? ,"MediGap - or Medicare Supplement - insurance varies by plan and by zip code . There are several plans to choose from : A , B , C , D , F , G K , L , M , N - and yes , these letters stand for something different than Medicare A & B , or Part C or D. Which creates some confusion . But Medicare Part A & B basically only pay 80 % of anything - so the options to help cover all or most of the 20 % is either a Medicare Advantage plan or a Medicare Supplement plan - also known as a MediGap plan , and also labeled with letters . The supplement plans most often sold are Plans F , G and N . An example : Say plan F is $ 150.00 a month - with no copays and virtually no out of pocket limit costs past on to the insured . A plan G may cost $ 100.00 a month , with $ 20.00 copays and still virtually no out of pocket limit costs past on to the insured . Plan G can be a great option to save monthly and have small $ 20.00 copays when you do need to see a physician . It is best to speak with an independent agent who sells both Medicare Advantage and Medicare Supplements , so that your education is complete , fair and unbiased . Hope this clarifies ! Belinda www.myseniorventure.com/answers "
Is American Income Life Insurance A Legitimate Company? ,"American Income Life is a legal insurance company . This company uses brokers to sell their products who are paid on commission . There are a lot of complaints online however when you really down to it , it seems brokers are not being clear as to the product they are purchasing or the brokers are given leads to follow up with people who are responding to some add to get free accidental dismemberment and death insurance . Just like any lead , the broker has to find the need which in this case , may not be one . Your simple answer is YES , they are Legit . "
Can You Get California Life Insurance Quotes Online? ,"California life insurance quotes can be found online through life insurance websites that have a quote engine that you can use -LRB- most do -RRB- . If you want to compare multiple companies at the same time , I would recommend using the quote engine from a life insurance broker website -LRB- brokers are insurance agents who can quote and sell products from multiple companies -RRB- . The quote engines will typically request a few pieces of data such as your name , date of birth , height/weight profile , any prescriptions you take or medical conditions you 're being treated for , the state you live in , and the amount and length of coverage to quote . Once you hit submit , an instant quote will be generated for you to review and an agent will likely follow-up with you shortly . Please note , an instant quote is , in short , just a rough estimate . The risk classification you qualify for is the MOST important factor in creating a quote because it 's what determines the premiums for the desired coverage -LRB- e.g. being approved for a standard risk class vs. a preferred plus risk class will result in very different numbers -RRB- . If you are being treated for any medical conditions or take a number of prescriptions , you will get a much more accurate response by consulting with an insurance broker.who can shop the case for you . Buying life insurance can be a very strenuous and time consuming task when you try to do it on your own . We do not charge any fees for our services , so you can only help yourself by talking with a broker . I hope the information is helpful - please feel free to contact me for help and if you have any other questions . Thanks very much . "
How Can Life Insurance Companies Make Money? ,"Insurance companies have several streams of income . They make money on underwriting if their loss ratio is less than anticipated due to careful risk selection , they earn a profit . If the stream of premium payments remains in the company for any appreciable time they earn interest . "
What Happens If You Don't Have Car Insurance In Arizona? ,Great Question . Insurance is the Law in Arizona you must have at least liability insurance to operate a car and also to get your car plates in Arizona . The cost is not very expensive for liability insurance in Arizona ranges are $ 40 - $ 60 a month for that type of coverages . 
Is Enbrel Covered By Medicare? ,Enbrel is a prescription drug used to treat RA -LRB- rheumatoid arthritis -RRB- and other autoimmune disease . Enbrel is administered subcutaneously either by your doctor or can be self administered . Some Medicare Part D plans will cover a portion of the cost of the drug . Check your plan formulary for details and costs . 
How Quickly Can I Get Life Insurance? ,"There are some life insurance policies that can be purchased as quickly as one day . When applying for very large face amounts , and/or if an exam and medical records are required , the time that it takes the policy to go into effect can be weeks or months . To get life insurance most quickly , use a No Exam Life Insurance policy and ask the usual time it takes to go into effect , as some are much more speedy than others . "
Does Homeowners Insurance Go Up With A Pool? ,"A swimming pool at a private residence should make no premium difference whatseover on Homeowners Insurance ; however , there may be a disqualification issue.If the swimming pool is not fenced with a latched gate from the outside of the property , it is unlikely that an insurance carrier will accept the risk . Also , there are a number of insurance carriers that will not accept a home if the pool has a diving board or slide on the property . For further information , please do ask your insurance agent regarding the underwriting rules of the specific carrier you may be insuring with ! "
How To Cancel HSBC Life Insurance? ,"If your HSBC Life Insurance policy is Term insurance , you can cancel it by simply stopping making payments . After a one month grace period , the policy will lapse . If you have permanent life insurance with HSBC you will want to talk to a professional about your options for your policy . You can call the customer service number provided on your statement or policy to talk about the best way of doing this . "
Does Renters Insurance Include Flood? ,"Flood is a peril that is specifically excluded under a renters policy . Flood is generally caused by inundation of rain , tidal water or mudslide . If you had a pipe burst in your unit that would likely be covered if you had an ISO form HO-4 Renters policy . Keep in mind that there are limitations on expensive items such as jewelry , money & securities , fine arts etc. . "
When Can An Auto Insurance Company Sue Me? ,"An example of being sued by an insurance company would be : Your have been found at fault in an accident . Now you either had no insurance or your insurance coverage 's were to low to pay the damages . The latter is very common . The other parties insurance company paid for their own insureds damages and is now seeking to recover it 's losses . So lets say for example you did have some coverage but the coverage 's you carried were to low . Your insurance company would of paid the claim up to the limit you carried . This turns out to not be enough and the person you hit insurance company , having had to pay beyond what your insurance company would pay will sue to recover the additional monies paid out . Moral of the story : Carry the highest liability and property damage limits you can afford . Do not waste your money on a low deductible for your own car . This amount is minimal compared to what you can lose in a liability suit . "
Where To Buy Whole Life Insurance? ,"Whole Life Insurance is best purchased from a local agent who can sit down with you , look at your individual situation and recommend a plan that will fit your personal needs . While you can purchase insurance through the mail or online , that is not necessarily in your best interest . A good agent can provide council , advice , and service that can be invaluable . Since insurance rates are filed with the state , you do not get a discount by purchasing the same plan over the internet compared to purchasing from an agent . "
What Is Liberty National Life Insurance Company? ,"Liberty National is a wholly owned subsidiary of Touchmark Corporation . They offer Life Insurance policies as well as Accidental Death Insurance , and Supplement Health Insurance products for cancer , critical illness , hospital intensive care , hospital income , hospital accident , and Medicare supplement plans . Liberty National life insurance is headquartered in McKinney , TX . "
How Much Does A New York Life Insurance Agent Make? ,"How much does a New York Life agent make ? Well it goes from zero to millions , depending on the agent . New York Life is a commission based company that pays agents for completed transactions in insurance and equity investments . Since the company is based in New York all commission payments are based on the State of New York 's restrictions on commissions . So in many cases this means the New York Life agent makes less upfront on sales than other agents . Commission payments tend to be stretched out over time with the policy . "
How Much Disability Insurance Should I Buy? ,"Disability insurance is typically based on 60 % -70 % of your gross income . Since the benefit , if payment is set up correctly , is tax free . Therefore you need only replace your take home pay . If you can only afford to a partial replacement , it is usually better to take a longer waiting period and a higher payout . The other consideration is length of disability payout . You can get 2 years , 5 years or to age 65 or 67 . Speak with a life professional to see what best suits your needs . "
How Does Whole Life Insurance Build Cash Value? ,"Whole life insurance builds cash value through the payment of premiums . With permanent insurance programs -LRB- universal life included -RRB- , the carrier has a cost of insurance charge -LRB- a.k.a. mortality and expense charges -RRB- that is taken out of the premium . The net amount remaining gets added to the cash value total -LRB- if the premium is less than the cost of insurance charge , then the cash value total would decrease -RRB- . You can borrow from the cash value , but it would create a loan against the policy and , like a bank loan , features an interest rate while the loan is outstanding - the funds are expected to be paid back . When a claim is made on the policy -LRB- the insured dies -RRB- , the carrier takes back the cash value and pays out the death benefit -LRB- less any outstanding loans and interest against the policy -RRB- . Make sure to discuss what will happen to the policy before doing anything with the cash value including borrowing from it and terminating the policy to get the cash value . I hope the information is helpful - please feel free to contact me for help with your program and if you have any questions . Thanks very much . "
Is An Esop A Qualified Retirement Plan? ,"An ESOP can be a qualified retirement plan or non-qualified . It all depends on how the plan is set up and the intent of the business owner . As a qualified ESOP , the plan must be filed with the DOL and IRS and approved . A non-qualified plan has fewer requirements and normally includes a substantial risk of forfeiture . "
Does Homeowners Insurance Cover AC Repair? ,"Talk to your Insurance Professional about the specific terms and conditions of your policy . If the unit is damaged as a result of a covered peril in your policy , then , subject to your policy deductible , there would more than likely be coverage available to pay the repair . If on the other hand , the damage is a result of wear and tear on the unit , then your Homeowners policy will more than likely not provide any coverage in that case . "
How Often Do You Pay Insurance For A Car? ,"A typical auto insurance policy term is either six months or one year . Many carriers offer several payment options for their clients . Payment terms may include monthly , quarterly , semi-annually , or annually in many cases . Be aware that carriers will many times offer discounts if you pay your premium electronically -LRB- through automatic bank draft -RRB- or by paying for the full term of the policy upfront . Contact your local agent to find out about the payment terms available with your current carrier . "
How Can I Lower My Home Insurance? ,"Talk to your Insurance Professional about any and all discounts that may be available to you . One of the best ways is to take advantage of bundling opportunities by insuring your cars , an Umbrella Liability policy , any watercraft or motorcycle as well as life Insurance with the same company . Keeping ahead of maintenance will also help . Companies sometimes offer discounts for putting on a new roof or upgrading electrical , plumbing or HVAC systems . Having a monitored alarm system installed and increasing your deductible will also result in saving . "
Can I Qualify For Long Term Care Insurance? ,You have to pass the medical requirements and have the financial where withal to pay the premiums . The long term care insurance company will require your medical records from your attending physician and a depending upon your age a paramed exam that may include a blood and urine analysis . 
